id,genotype,norm_pain_relief,carrier,sex,country
1,GA,76.17732314,AA_or_GA,Male,DE
2,GG,100.2189275,GG,Male,IT
3,GG,101.8638799,GG,Male,IT
4,GA,104.5027182,AA_or_GA,Female,DE
5,GA,74.42945151,AA_or_GA,Female,IT
6,GA,64.87444072,AA_or_GA,Male,NO
7,GG,101.7456736,GG,Male,NO
8,GA,103.5848318,AA_or_GA,Male,NO
9,GG,99.87149534,GG,Male,IT
10,GA,100.8501508,AA_or_GA,Female,GB
11,GA,100.3050589,AA_or_GA,Male,GB
12,GG,101.3043484,GG,Male,IT
13,GA,62.09501193,AA_or_GA,Female,DE
14,GG,99.81828226,GG,Male,IT
15,GA,71.95710379,AA_or_GA,Male,GB
16,GG,100.8793625,GG,Female,NO
17,GA,76.90011339,AA_or_GA,Male,NO
18,GG,101.6000168,GG,Male,GB
19,GA,103.5841797,AA_or_GA,Male,DE
20,GG,100.24772,GG,Male,GB
21,GA,67.5468423,AA_or_GA,Male,IT
22,GG,101.7131558,GG,Female,NO
23,AA,70.3095839,AA_or_GA,Female,IT
24,GG,102.0034525,GG,Male,NO
25,GG,102.8403248,GG,Male,DE
26,GG,100.3436419,GG,Female,IT
27,GG,103.0052121,GG,Female,DE
28,GA,66.47460853,AA_or_GA,Female,NO
29,GA,84.84494757,AA_or_GA,Male,GB
30,AA,65.60853317,AA_or_GA,Female,IT
31,GG,101.2346277,GG,Female,GB
32,GG,82.96364111,GG,Male,GB
33,GA,68.24155059,AA_or_GA,Male,NO
34,GA,100.0151446,AA_or_GA,Male,IT
35,GA,75.44357298,AA_or_GA,Female,DE
36,GA,74.45338164,AA_or_GA,Male,IT
37,GA,76.79817213,AA_or_GA,Female,DE
38,GA,61.43981992,AA_or_GA,Female,NO
39,GG,101.874853,GG,Female,NO
40,GA,87.76321646,AA_or_GA,Male,GB
41,AA,57.89917955,AA_or_GA,Male,DE
42,GG,104.3116725,GG,Female,NO
43,GG,104.0411869,GG,Female,DE
44,GG,100.6943456,GG,Female,GB
45,AA,68.10024134,AA_or_GA,Male,IT
46,GG,109.1995282,GG,Female,NO
47,GG,105.8723337,GG,Male,DE
48,AA,63.86942543,AA_or_GA,Male,DE
49,GA,74.92311035,AA_or_GA,Male,NO
50,GG,103.2212873,GG,Male,NO
51,GA,72.26122722,AA_or_GA,Male,GB
52,GG,105.4558281,GG,Male,DE
53,GG,99.99590368,GG,Male,IT
54,GA,76.6284607,AA_or_GA,Female,DE
55,GA,87.07668211,AA_or_GA,Female,IT
56,GA,67.83745524,AA_or_GA,Female,IT
57,GG,80.21926731,GG,Female,GB
58,GA,78.24725378,AA_or_GA,Male,IT
59,GG,104.6795911,GG,Female,DE
60,GG,103.1518096,GG,Male,DE
61,GA,73.00928106,AA_or_GA,Male,GB
62,GG,96.3701537,GG,Male,NO
63,GG,100.8277205,GG,Male,IT
64,GG,101.4068351,GG,Male,NO
65,GA,84.65689161,AA_or_GA,Female,GB
66,GA,100.0910594,AA_or_GA,Female,IT
67,GG,102.8889764,GG,Female,NO
68,GA,89.90250717,AA_or_GA,Male,GB
69,GG,101.9194317,GG,Female,NO
70,GG,99.96059035,GG,Female,IT
71,GG,106.3970462,GG,Female,GB
72,GG,105.5102106,GG,Male,DE
73,GG,105.9213966,GG,Male,DE
74,GA,75.98034683,AA_or_GA,Female,DE
75,GA,88.12740589,AA_or_GA,Male,DE
76,GA,102.1205481,AA_or_GA,Female,NO
77,GA,79.84182316,AA_or_GA,Female,NO
78,GG,100.377909,GG,Female,IT
79,GG,100.3121095,GG,Female,IT
80,GG,109.7356295,GG,Female,NO
81,GA,78.17381271,AA_or_GA,Male,DE
82,GA,84.0438178,AA_or_GA,Female,GB
83,GG,102.9100025,GG,Male,GB
84,GA,76.31985101,AA_or_GA,Female,GB
85,GG,102.1984598,GG,Male,NO
86,GA,87.54982418,AA_or_GA,Female,GB
87,GA,80.16715767,AA_or_GA,Male,DE
88,AA,78.6595766,AA_or_GA,Female,IT
89,GA,67.70241006,AA_or_GA,Male,GB
90,GA,81.38393044,AA_or_GA,Male,GB
91,GG,94.88377193,GG,Male,DE
92,GA,88.21027664,AA_or_GA,Male,GB
93,GG,104.7216775,GG,Male,GB
94,GG,104.0530447,GG,Female,DE
95,GA,66.69893986,AA_or_GA,Male,GB
96,GG,90.2829763,GG,Female,GB
97,GA,92.85407759,AA_or_GA,Male,DE
98,GA,105.1934865,AA_or_GA,Male,DE
99,GG,87.17243609,GG,Female,NO
100,GG,103.6762504,GG,Female,DE
101,GG,106.2075984,GG,Female,IT
102,GA,89.81513242,AA_or_GA,Female,NO
103,GA,92.54685379,AA_or_GA,Male,DE
104,GA,76.78152638,AA_or_GA,Female,NO
105,AA,68.25777106,AA_or_GA,Male,GB
106,GG,106.7885175,GG,Female,IT
107,GG,104.6841056,GG,Female,IT
108,GG,92.20722913,GG,Female,DE
109,GG,100.7459003,GG,Female,NO
110,GA,88.17500126,AA_or_GA,Female,NO
111,GG,101.3652509,GG,Male,NO
112,GA,65.71126513,AA_or_GA,Male,DE
113,GA,88.76665869,AA_or_GA,Female,IT
114,GA,72.61766649,AA_or_GA,Female,DE
115,GG,103.0869333,GG,Female,GB
116,GA,107.5503983,AA_or_GA,Male,NO
117,GG,100.0060346,GG,Female,IT
118,GG,100.8688006,GG,Male,NO
119,GG,106.7671112,GG,Male,DE
120,GA,63.18023455,AA_or_GA,Male,DE
121,GG,81.97230886,GG,Female,NO
122,GG,101.8150066,GG,Female,IT
123,GG,83.91478827,GG,Male,DE
124,GG,100.6118035,GG,Female,IT
125,GA,65.77431436,AA_or_GA,Male,IT
126,AA,81.43224831,AA_or_GA,Male,DE
127,GA,103.489785,AA_or_GA,Female,DE
128,GA,66.82368575,AA_or_GA,Male,DE
129,GG,105.2558428,GG,Female,GB
130,GG,103.3347939,GG,Female,NO
131,GA,78.55020459,AA_or_GA,Female,DE
132,GA,107.3292702,AA_or_GA,Male,DE
133,GA,70.23086669,AA_or_GA,Male,IT
134,GG,101.832262,GG,Female,NO
135,GA,100.9617597,AA_or_GA,Male,GB
136,GA,71.81477068,AA_or_GA,Male,IT
137,GG,104.011479,GG,Male,GB
138,GA,75.5222043,AA_or_GA,Male,DE
139,GA,84.34581789,AA_or_GA,Male,IT
140,GA,85.21300473,AA_or_GA,Female,NO
141,GG,102.7294055,GG,Female,DE
142,GG,103.3112449,GG,Male,NO
143,GG,101.1379505,GG,Male,NO
144,GG,82.40462467,GG,Male,DE
145,GA,81.28864068,AA_or_GA,Male,GB
146,GG,103.1032459,GG,Male,DE
147,GA,78.57254519,AA_or_GA,Female,DE
148,GA,88.65989516,AA_or_GA,Female,GB
149,GG,105.3251344,GG,Female,DE
150,GG,103.950346,GG,Female,NO
151,GG,102.2274854,GG,Female,GB
152,GG,108.0986692,GG,Female,GB
153,GG,81.2747807,GG,Male,GB
154,GA,55.37498565,AA_or_GA,Female,IT
155,GG,101.806962,GG,Male,NO
156,GG,102.8814663,GG,Female,DE
157,GA,49.48273901,AA_or_GA,Female,IT
158,GG,101.6708332,GG,Male,GB
159,GA,93.09120321,AA_or_GA,Male,IT
160,GA,81.54729539,AA_or_GA,Female,GB
161,GA,71.05170837,AA_or_GA,Male,DE
162,GA,87.91919173,AA_or_GA,Female,GB
163,GA,87.79619818,AA_or_GA,Female,IT
164,AA,72.5543012,AA_or_GA,Male,NO
165,GG,92.48614198,GG,Female,NO
166,GA,85.26359556,AA_or_GA,Male,DE
167,GA,103.8560073,AA_or_GA,Female,NO
168,GA,80.6032945,AA_or_GA,Male,GB
169,GG,103.2903728,GG,Male,GB
170,GG,109.3471264,GG,Female,DE
171,GG,107.9297379,GG,Female,DE
172,GA,85.83925823,AA_or_GA,Male,DE
173,GG,103.4172388,GG,Male,DE
174,GG,102.0589141,GG,Male,GB
175,GG,86.68425055,GG,Male,NO
176,GG,101.8081932,GG,Female,NO
177,AA,70.29395313,AA_or_GA,Female,DE
178,GG,79.94636207,GG,Male,NO
179,GG,102.6056938,GG,Female,IT
180,GA,69.81045473,AA_or_GA,Male,DE
181,GG,94.62057967,GG,Female,GB
182,GA,75.96081572,AA_or_GA,Male,GB
183,GG,104.4411748,GG,Male,DE
184,GG,107.1392051,GG,Female,NO
185,GG,105.1835819,GG,Male,NO
186,GG,100.8026619,GG,Female,NO
187,GA,86.14564833,AA_or_GA,Female,DE
188,GA,80.35514018,AA_or_GA,Female,GB
189,GG,103.4733722,GG,Male,GB
190,AA,69.31289793,AA_or_GA,Male,GB
191,GA,77.70086871,AA_or_GA,Male,IT
192,GG,102.4257263,GG,Female,GB
193,GG,107.0179496,GG,Female,IT
194,GA,78.81159066,AA_or_GA,Male,NO
195,GG,107.0532858,GG,Male,DE
196,GG,103.1438438,GG,Female,GB
197,GG,104.0739317,GG,Male,DE
198,GG,102.3536425,GG,Male,NO
199,GG,102.9375745,GG,Female,DE
200,GG,90.52531297,GG,Male,NO
201,GG,90.61556785,GG,Male,DE
202,GA,95.50058825,AA_or_GA,Female,NO
203,GG,103.0695074,GG,Female,IT
204,GA,83.83425526,AA_or_GA,Male,NO
205,GG,102.2889387,GG,Female,GB
206,GA,81.01267696,AA_or_GA,Female,DE
207,GA,82.28196373,AA_or_GA,Female,NO
208,GG,95.38451691,GG,Female,NO
209,GG,89.41852559,GG,Male,DE
210,AA,80.91368276,AA_or_GA,Male,NO
211,GA,77.56001819,AA_or_GA,Male,DE
212,GG,100.8636876,GG,Male,IT
213,GG,102.303758,GG,Male,NO
214,GG,97.9960361,GG,Female,DE
215,GA,85.60174774,AA_or_GA,Female,IT
216,GG,103.4018721,GG,Female,GB
217,GG,101.53334,GG,Female,IT
218,GA,69.35236586,AA_or_GA,Female,NO
219,GA,80.19512939,AA_or_GA,Male,GB
220,GG,107.3673944,GG,Male,GB
221,GA,79.43382443,AA_or_GA,Female,DE
222,GA,80.88001815,AA_or_GA,Male,DE
223,GG,102.8558478,GG,Female,NO
224,GA,80.16650311,AA_or_GA,Female,DE
225,GA,84.84627747,AA_or_GA,Female,DE
226,AA,65.29933008,AA_or_GA,Female,NO
227,GG,102.3465799,GG,Male,GB
228,GG,100.6219745,GG,Male,IT
229,GA,92.32906142,AA_or_GA,Female,DE
230,GA,73.16729818,AA_or_GA,Male,GB
231,GG,89.67993822,GG,Male,DE
232,GA,77.63456329,AA_or_GA,Male,GB
233,GA,74.94604024,AA_or_GA,Female,GB
234,GG,105.0953797,GG,Male,NO
235,GA,85.65268795,AA_or_GA,Male,DE
236,GG,102.6790846,GG,Male,IT
237,GG,103.4883072,GG,Female,DE
238,GG,88.25967158,GG,Male,DE
239,GG,104.7755444,GG,Female,DE
240,GA,78.51932182,AA_or_GA,Female,GB
241,GG,101.4164055,GG,Male,NO
242,AA,86.920275,AA_or_GA,Male,DE
243,GG,103.3105226,GG,Female,DE
244,GG,82.09217339,GG,Male,DE
245,GA,68.52477952,AA_or_GA,Female,IT
246,GG,95.93656089,GG,Female,DE
247,GG,101.0692383,GG,Male,GB
248,GG,106.7714038,GG,Male,DE
249,GG,89.37537521,GG,Male,DE
250,GG,99.67140542,GG,Female,DE
251,GA,79.1043046,AA_or_GA,Female,NO
252,GG,101.5209731,GG,Female,GB
253,GA,81.10226849,AA_or_GA,Male,DE
254,GG,101.1871271,GG,Female,NO
255,GG,81.93507805,GG,Male,NO
256,GG,94.68486144,GG,Female,GB
257,AA,74.54395058,AA_or_GA,Female,DE
258,GA,100.6160579,AA_or_GA,Male,IT
259,GG,102.2263655,GG,Female,NO
260,GA,86.58159641,AA_or_GA,Male,DE
261,GG,104.903067,GG,Female,DE
262,GG,85.81565267,GG,Female,DE
263,GA,68.82648802,AA_or_GA,Male,GB
264,GG,86.58485552,GG,Male,DE
265,GA,77.21160158,AA_or_GA,Female,IT
266,AA,80.76538129,AA_or_GA,Female,GB
267,GG,83.6794401,GG,Male,NO
268,GA,82.44994525,AA_or_GA,Male,DE
269,GG,105.729448,GG,Male,NO
270,GG,99.72267639,GG,Male,IT
271,GG,105.5317625,GG,Male,GB
272,GG,103.8807636,GG,Female,NO
273,GG,100.5058107,GG,Female,GB
274,GA,81.30171464,AA_or_GA,Male,GB
275,GG,104.7964798,GG,Male,GB
276,GG,102.8857343,GG,Female,DE
277,GG,103.108195,GG,Female,DE
278,GG,106.7267235,GG,Male,IT
279,GG,105.7808752,GG,Male,IT
280,GA,81.73714328,AA_or_GA,Male,DE
281,GA,64.59096259,AA_or_GA,Female,DE
282,GA,77.33083469,AA_or_GA,Male,GB
283,GA,76.46885764,AA_or_GA,Female,DE
284,GG,88.10160599,GG,Female,NO
285,GA,76.78381035,AA_or_GA,Female,NO
286,GG,104.6260026,GG,Female,NO
287,AA,73.53568525,AA_or_GA,Female,NO
288,GA,100.8472614,AA_or_GA,Female,GB
289,GG,82.9955976,GG,Female,DE
290,GG,102.4626725,GG,Female,GB
291,GG,100.3534998,GG,Female,IT
292,GG,103.0975881,GG,Female,IT
293,GA,71.10163414,AA_or_GA,Male,DE
294,GA,92.25075402,AA_or_GA,Female,GB
295,GA,91.50009968,AA_or_GA,Male,GB
296,GG,92.16890728,GG,Female,NO
297,GG,104.2458212,GG,Male,DE
298,GG,86.73967821,GG,Female,NO
299,GA,82.06627241,AA_or_GA,Female,DE
300,GG,102.3555314,GG,Male,NO
301,GA,78.05793156,AA_or_GA,Female,NO
302,GG,101.2330045,GG,Female,NO
303,GG,100.1056341,GG,Female,IT
304,GA,91.62105293,AA_or_GA,Female,DE
305,GA,87.82686863,AA_or_GA,Female,GB
306,GG,104.9211383,GG,Male,DE
307,GA,104.6201159,AA_or_GA,Female,NO
308,GG,100.493078,GG,Male,GB
309,GG,101.1928314,GG,Female,GB
310,GA,85.40265606,AA_or_GA,Male,DE
311,GG,107.3062556,GG,Female,DE
312,GA,76.57660383,AA_or_GA,Male,IT
313,GG,91.08188562,GG,Female,GB
314,GG,83.78447656,GG,Female,NO
315,GG,102.9762974,GG,Male,GB
316,GA,68.26657652,AA_or_GA,Male,GB
317,GG,103.51024,GG,Male,DE
318,GG,107.3578336,GG,Male,NO
319,GG,85.31304532,GG,Female,IT
320,GG,99.90253535,GG,Female,IT
321,GG,96.30679669,GG,Female,DE
322,GG,108.1142057,GG,Female,DE
323,GA,93.15548503,AA_or_GA,Male,IT
324,GG,101.8565571,GG,Male,GB
325,GG,102.1924983,GG,Female,GB
326,GA,88.54209782,AA_or_GA,Male,NO
327,GA,71.25924583,AA_or_GA,Female,DE
328,GG,99.64785098,GG,Female,NO
329,AA,79.41798866,AA_or_GA,Male,NO
330,GA,74.68903774,AA_or_GA,Female,NO
331,GG,106.3979052,GG,Male,DE
332,AA,64.52554712,AA_or_GA,Female,NO
333,GG,101.8605616,GG,Female,GB
334,GA,70.42465079,AA_or_GA,Male,DE
335,GA,77.51858849,AA_or_GA,Male,GB
336,GG,91.10217744,GG,Female,IT
337,GG,107.0722391,GG,Male,DE
338,GA,69.80785676,AA_or_GA,Male,GB
339,GA,78.20452227,AA_or_GA,Female,DE
340,GA,76.20701295,AA_or_GA,Female,GB
341,GG,102.8854832,GG,Female,GB
342,GA,75.03828447,AA_or_GA,Male,IT
343,GA,72.94271304,AA_or_GA,Female,GB
344,GG,101.6625607,GG,Female,IT
345,GA,100.4376199,AA_or_GA,Male,IT
346,GG,91.82174842,GG,Male,NO
347,GG,101.2673445,GG,Female,NO
348,GA,81.2085447,AA_or_GA,Female,NO
349,GG,89.80699421,GG,Female,GB
350,GA,68.44377016,AA_or_GA,Female,DE
351,GG,103.2125214,GG,Male,GB
352,GG,101.3417176,GG,Female,GB
353,GA,70.32815706,AA_or_GA,Female,IT
354,GG,107.7018793,GG,Female,NO
355,GA,75.57750096,AA_or_GA,Female,GB
356,GG,102.6693737,GG,Female,IT
357,GG,101.6995878,GG,Female,NO
358,GG,107.2295291,GG,Female,DE
359,GA,102.354837,AA_or_GA,Male,GB
360,GA,73.47907421,AA_or_GA,Female,GB
361,GG,105.5273514,GG,Female,GB
362,GA,79.62831015,AA_or_GA,Female,NO
363,GG,105.6480054,GG,Male,GB
364,GA,105.3872664,AA_or_GA,Male,DE
365,GG,101.3896923,GG,Female,NO
366,GG,103.3040597,GG,Female,NO
367,GA,76.51148367,AA_or_GA,Male,DE
368,GA,86.80383489,AA_or_GA,Male,IT
369,GG,81.69471098,GG,Female,GB
370,GA,74.75787711,AA_or_GA,Male,DE
371,GA,81.28108497,AA_or_GA,Female,NO
372,GA,64.52704449,AA_or_GA,Female,DE
373,GG,108.3390571,GG,Female,DE
374,GG,100.3935015,GG,Female,IT
375,GG,100.9474361,GG,Male,NO
376,AA,80.89419475,AA_or_GA,Female,NO
377,GG,91.88682459,GG,Female,GB
378,GG,100.2618534,GG,Female,IT
379,GG,101.0376467,GG,Male,NO
380,GA,71.59159097,AA_or_GA,Male,DE
381,GG,101.7192081,GG,Female,NO
382,GA,68.12778763,AA_or_GA,Female,IT
383,GG,84.48139601,GG,Male,IT
384,GG,103.673717,GG,Female,DE
385,GA,76.09589002,AA_or_GA,Female,DE
386,GA,87.76387104,AA_or_GA,Female,NO
387,GA,72.90341672,AA_or_GA,Male,IT
388,GG,105.4961848,GG,Male,NO
389,GG,85.22287879,GG,Female,NO
390,AA,74.26696069,AA_or_GA,Male,DE
391,GA,68.77443179,AA_or_GA,Male,NO
392,AA,61.63837081,AA_or_GA,Male,GB
393,GG,100.7214934,GG,Female,NO
394,GA,78.12945462,AA_or_GA,Female,NO
395,GG,83.06747619,GG,Male,IT
396,GG,103.4181073,GG,Female,NO
397,GA,82.7946514,AA_or_GA,Female,GB
398,GA,84.07708927,AA_or_GA,Male,DE
399,GG,100.9969354,GG,Female,NO
400,GA,69.38386946,AA_or_GA,Female,IT
401,GG,101.0370668,GG,Male,NO
402,GG,101.4496231,GG,Male,NO
403,GG,67.3891819,GG,Female,NO
404,GG,91.18458607,GG,Female,DE
405,GG,107.4247549,GG,Male,NO
406,GG,103.5041013,GG,Male,DE
407,GG,100.1409354,GG,Female,IT
408,GA,102.4935333,AA_or_GA,Female,NO
409,AA,57.18532712,AA_or_GA,Male,NO
410,GG,100.263363,GG,Male,GB
411,GG,104.8516772,GG,Male,IT
412,GG,69.48271911,GG,Female,GB
413,GA,91.61806921,AA_or_GA,Male,NO
414,GA,71.78653145,AA_or_GA,Male,DE
415,GG,102.73238,GG,Female,NO
416,GG,100.5842574,GG,Female,GB
417,GG,101.4896643,GG,Female,NO
418,GG,94.65975591,GG,Female,NO
419,GG,106.948904,GG,Male,GB
420,GG,78.14437821,GG,Male,NO
421,GA,76.83949571,AA_or_GA,Male,GB
422,GA,72.48349188,AA_or_GA,Female,GB
423,GG,102.9050885,GG,Female,DE
424,GA,79.3994818,AA_or_GA,Female,DE
425,GA,80.9093642,AA_or_GA,Female,GB
426,GG,102.8213642,GG,Female,GB
427,GG,102.8157163,GG,Male,GB
428,GG,103.3745136,GG,Female,DE
429,AA,80.72172323,AA_or_GA,Female,NO
430,GG,102.903081,GG,Male,GB
431,GG,101.5704299,GG,Female,NO
432,GG,108.1598567,GG,Male,IT
433,GG,99.62672094,GG,Male,NO
434,GA,78.96429161,AA_or_GA,Male,IT
435,GG,101.2101927,GG,Female,GB
436,GG,80.29170317,GG,Female,GB
437,GA,77.1949051,AA_or_GA,Female,DE
438,GG,103.7329225,GG,Female,DE
439,GG,80.90479043,GG,Female,NO
440,GA,70.33806711,AA_or_GA,Female,NO
441,GG,86.91113036,GG,Male,IT
442,GG,104.3988325,GG,Male,NO
443,GG,102.2961735,GG,Female,IT
444,GG,104.7418011,GG,Female,NO
445,GA,78.35403561,AA_or_GA,Male,IT
446,GA,101.2518073,AA_or_GA,Female,GB
447,GA,71.91637536,AA_or_GA,Female,GB
448,GG,102.3439765,GG,Male,GB
449,GA,77.8602976,AA_or_GA,Female,DE
450,GG,106.7193386,GG,Male,DE
451,GG,103.178826,GG,Male,GB
452,GG,100.6567647,GG,Female,GB
453,GG,97.18506017,GG,Female,GB
454,GA,82.41474355,AA_or_GA,Female,NO
455,GA,67.36776631,AA_or_GA,Male,NO
456,GG,101.4482854,GG,Male,GB
457,GG,102.6989871,GG,Female,NO
458,GA,57.13728644,AA_or_GA,Male,NO
459,GG,84.69275891,GG,Male,DE
460,GG,83.23086705,GG,Female,NO
461,GG,105.0115181,GG,Female,DE
462,GA,76.03288091,AA_or_GA,Female,IT
463,AA,77.75682866,AA_or_GA,Male,NO
464,GA,75.20087049,AA_or_GA,Male,DE
465,GA,73.5408833,AA_or_GA,Female,DE
466,GG,104.7457915,GG,Female,DE
467,GA,74.68177009,AA_or_GA,Male,IT
468,GG,105.9867743,GG,Female,DE
469,GG,100.8185603,GG,Male,GB
470,GA,82.99121188,AA_or_GA,Female,IT
471,GG,103.2882631,GG,Male,IT
472,AA,81.88101304,AA_or_GA,Male,DE
473,GG,101.2853552,GG,Male,IT
474,GA,89.35730213,AA_or_GA,Male,DE
475,GG,104.5917573,GG,Male,NO
476,GA,74.05036693,AA_or_GA,Male,IT
477,GA,63.59672067,AA_or_GA,Female,IT
478,GG,105.0572154,GG,Male,GB
479,GA,86.05679489,AA_or_GA,Female,DE
480,GA,83.9751066,AA_or_GA,Female,GB
481,GG,104.2259312,GG,Female,IT
482,AA,74.09352178,AA_or_GA,Female,GB
483,AA,77.7346145,AA_or_GA,Female,IT
484,GG,105.2435895,GG,Female,IT
485,GG,105.4823064,GG,Male,NO
486,AA,83.25517231,AA_or_GA,Female,GB
487,GG,103.6013115,GG,Male,IT
488,GA,68.7452263,AA_or_GA,Female,DE
489,GG,105.3996774,GG,Female,GB
490,GG,94.77049085,GG,Female,DE
491,GG,104.2095194,GG,Female,GB
492,GG,100.5175073,GG,Female,GB
493,GA,79.77294663,AA_or_GA,Male,NO
494,GA,54.66516699,AA_or_GA,Male,GB
495,GG,105.1747241,GG,Male,NO
496,GA,85.99773782,AA_or_GA,Male,GB
497,GG,100.5856555,GG,Female,GB
498,GA,70.20663662,AA_or_GA,Male,DE
499,GG,101.367207,GG,Female,GB
500,GG,108.9236859,GG,Male,NO
501,GG,104.4173649,GG,Male,DE
502,GA,84.28466774,AA_or_GA,Male,NO
503,GG,96.20286855,GG,Male,GB
504,GG,95.4330588,GG,Male,GB
505,GA,82.40446836,AA_or_GA,Male,DE
506,GG,78.33535136,GG,Female,GB
507,GG,81.40502751,GG,Female,DE
508,GG,100.2723252,GG,Female,IT
509,GA,73.24739014,AA_or_GA,Female,IT
510,GA,85.01139983,AA_or_GA,Male,IT
511,GG,104.8082705,GG,Female,GB
512,GG,84.91419279,GG,Male,DE
513,GG,101.1996232,GG,Female,GB
514,GG,105.3435882,GG,Female,DE
515,GA,88.59550919,AA_or_GA,Female,GB
516,GG,105.0267243,GG,Male,IT
517,GG,102.391686,GG,Female,GB
518,GA,91.02473927,AA_or_GA,Female,IT
519,GG,85.57213724,GG,Male,NO
520,GG,102.1061284,GG,Male,GB
521,GA,84.87758875,AA_or_GA,Female,GB
522,GA,70.3866677,AA_or_GA,Female,GB
523,GG,101.0125479,GG,Female,NO
524,GA,87.71034113,AA_or_GA,Female,NO
525,GA,80.59567625,AA_or_GA,Female,GB
526,GG,106.9736526,GG,Female,DE
527,GA,65.13985906,AA_or_GA,Male,DE
528,GG,106.2697476,GG,Male,GB
529,GA,77.42434539,AA_or_GA,Male,GB
530,GA,100.9844058,AA_or_GA,Female,IT
531,AA,72.99679481,AA_or_GA,Female,NO
532,GA,58.10976422,AA_or_GA,Female,DE
533,GG,101.5392767,GG,Male,IT
534,GG,89.85692557,GG,Male,GB
535,GG,104.2118965,GG,Female,IT
536,GG,100.9753802,GG,Female,IT
537,GG,103.0671152,GG,Female,GB
538,GA,91.32707891,AA_or_GA,Female,DE
539,GG,105.824481,GG,Male,NO
540,AA,49.79888347,AA_or_GA,Male,IT
541,GG,102.7423598,GG,Female,GB
542,GG,104.9001676,GG,Male,IT
543,GG,88.7119041,GG,Female,NO
544,GG,96.58110478,GG,Female,NO
545,GG,91.4907203,GG,Female,IT
546,GA,83.67998217,AA_or_GA,Female,IT
547,GA,86.60370968,AA_or_GA,Male,DE
548,GG,106.7193384,GG,Female,GB
549,GG,102.1188187,GG,Female,NO
550,GA,72.38567499,AA_or_GA,Female,DE
551,AA,81.26497099,AA_or_GA,Female,NO
552,GG,89.91753023,GG,Male,GB
553,GG,100.1810515,GG,Female,GB
554,GA,79.47226233,AA_or_GA,Female,NO
555,GA,80.70052566,AA_or_GA,Male,GB
556,GG,104.5244908,GG,Female,NO
557,GG,94.14984113,GG,Female,NO
558,GG,81.02188784,GG,Male,GB
559,GG,101.4955994,GG,Female,NO
560,GG,82.47121373,GG,Female,DE
561,GG,102.9220053,GG,Male,NO
562,GG,102.41568,GG,Male,GB
563,GA,89.49860824,AA_or_GA,Male,NO
564,GG,93.7428281,GG,Female,DE
565,GA,68.77822413,AA_or_GA,Female,DE
566,GG,101.0340064,GG,Female,GB
567,GG,107.0594321,GG,Female,DE
568,GA,73.5362853,AA_or_GA,Male,IT
569,GG,101.0672014,GG,Female,NO
570,GA,81.40765977,AA_or_GA,Male,GB
571,GG,105.1919692,GG,Female,GB
572,GA,86.50014179,AA_or_GA,Female,NO
573,GA,76.35648398,AA_or_GA,Male,NO
574,GA,91.07344735,AA_or_GA,Female,GB
575,GG,102.8152385,GG,Female,NO
576,GG,101.5623838,GG,Male,NO
577,GG,100.6310298,GG,Male,IT
578,GG,103.5919791,GG,Female,IT
579,GG,76.19706785,GG,Female,DE
580,GG,101.7474655,GG,Male,GB
581,AA,72.30235527,AA_or_GA,Male,DE
582,GG,105.5398819,GG,Male,IT
583,GG,83.72739128,GG,Female,GB
584,GA,101.5170152,AA_or_GA,Female,NO
585,GA,81.91487595,AA_or_GA,Female,GB
586,GG,101.5151247,GG,Female,IT
587,AA,74.50861087,AA_or_GA,Male,GB
588,GG,104.2867388,GG,Male,DE
589,GA,107.6283572,AA_or_GA,Female,GB
590,GG,97.12743043,GG,Male,GB
591,GG,103.7879367,GG,Female,IT
592,GA,81.83702484,AA_or_GA,Male,GB
593,GG,104.1538546,GG,Male,GB
594,GA,102.2426641,AA_or_GA,Male,IT
595,GA,73.90676688,AA_or_GA,Male,DE
596,GG,103.1315449,GG,Female,IT
597,GG,105.0479554,GG,Female,GB
598,GA,75.21682771,AA_or_GA,Female,DE
599,AA,64.79064222,AA_or_GA,Male,NO
600,GA,73.02568113,AA_or_GA,Male,NO
601,AA,68.83438346,AA_or_GA,Female,DE
602,GA,87.88571505,AA_or_GA,Male,GB
603,GA,75.85087455,AA_or_GA,Male,DE
604,GG,103.1621783,GG,Female,NO
605,GG,103.6149977,GG,Male,IT
606,GA,87.49236356,AA_or_GA,Female,GB
607,GA,102.5336519,AA_or_GA,Female,NO
608,GG,105.2099773,GG,Female,GB
609,GG,101.5885099,GG,Male,NO
610,GG,104.4564704,GG,Female,DE
611,GA,90.41954108,AA_or_GA,Female,GB
612,GA,70.5939386,AA_or_GA,Male,NO
613,GG,80.74634574,GG,Female,IT
614,GA,76.0535299,AA_or_GA,Male,DE
615,GG,104.5014367,GG,Male,DE
616,GG,101.8550055,GG,Female,IT
617,GG,106.7388564,GG,Male,NO
618,GA,64.07605266,AA_or_GA,Female,IT
619,GG,100.9219378,GG,Male,GB
620,GG,104.0091153,GG,Male,GB
621,GG,102.9862746,GG,Female,IT
622,GG,101.535167,GG,Female,GB
623,GG,82.11859327,GG,Female,DE
624,GA,62.9571955,AA_or_GA,Male,DE
625,GA,101.3667305,AA_or_GA,Female,NO
626,GA,81.98529682,AA_or_GA,Male,IT
627,GG,104.6117253,GG,Female,GB
628,GG,100.3597903,GG,Male,GB
629,GG,107.6787457,GG,Male,NO
630,GG,102.9675708,GG,Male,DE
631,GG,88.32705644,GG,Female,IT
632,GA,101.6572233,AA_or_GA,Male,NO
633,GG,89.43872068,GG,Male,NO
634,GG,103.1967353,GG,Female,IT
635,GA,68.23594104,AA_or_GA,Female,DE
636,GG,93.68116273,GG,Male,NO
637,GG,101.3411939,GG,Female,NO
638,GG,95.0611315,GG,Male,NO
639,GA,80.28903506,AA_or_GA,Male,GB
640,GA,80.39205299,AA_or_GA,Female,DE
641,GG,101.9790146,GG,Male,IT
642,GA,71.17363565,AA_or_GA,Male,IT
643,GG,91.81725974,GG,Female,GB
644,GG,102.1145013,GG,Male,NO
645,GG,103.3853758,GG,Female,NO
646,GG,103.6812209,GG,Male,DE
647,GG,101.9284122,GG,Male,NO
648,GA,75.59093727,AA_or_GA,Female,NO
649,GG,103.2695694,GG,Female,DE
650,GG,108.6244346,GG,Female,NO
651,GG,103.0310991,GG,Female,NO
652,GG,89.85275691,GG,Female,IT
653,GA,81.86865836,AA_or_GA,Female,NO
654,GG,103.8045401,GG,Male,DE
655,GA,77.12448528,AA_or_GA,Female,IT
656,GG,104.0605041,GG,Male,DE
657,GG,81.35374089,GG,Male,GB
658,AA,76.71034574,AA_or_GA,Female,IT
659,GG,96.08422852,GG,Female,GB
660,GG,103.7339349,GG,Male,NO
661,GG,103.8054376,GG,Female,GB
662,GA,86.06548565,AA_or_GA,Female,NO
663,GG,95.97157605,GG,Female,DE
664,GG,96.75815074,GG,Female,NO
665,GA,85.773089,AA_or_GA,Female,GB
666,GG,87.59289384,GG,Female,GB
667,GG,105.3387618,GG,Female,GB
668,GA,95.92969055,AA_or_GA,Female,GB
669,GA,76.77290579,AA_or_GA,Male,GB
670,GG,105.4817838,GG,Male,IT
671,GG,100.202534,GG,Female,NO
672,GG,90.33475685,GG,Male,NO
673,GG,105.7526095,GG,Female,GB
674,GG,94.79396835,GG,Male,IT
675,GG,102.201224,GG,Female,DE
676,GG,94.87232102,GG,Female,NO
677,GG,109.288167,GG,Male,IT
678,GG,86.97987611,GG,Male,NO
679,GG,93.15400891,GG,Female,NO
680,GA,99.26765146,AA_or_GA,Female,NO
681,GA,94.95464538,AA_or_GA,Male,NO
682,GG,109.3644083,GG,Female,GB
683,GA,86.3945493,AA_or_GA,Female,GB
684,GG,102.1424001,GG,Male,DE
685,GA,83.17702532,AA_or_GA,Female,GB
686,GG,100.1284967,GG,Male,DE
687,GG,94.83975364,GG,Male,IT
688,GG,103.7950607,GG,Female,IT
689,GG,97.49783888,GG,Male,DE
690,GG,104.1105607,GG,Female,DE
691,GG,107.6032477,GG,Female,GB
692,GG,97.28086738,GG,Female,NO
693,GG,106.3549908,GG,Female,NO
694,GG,94.46703077,GG,Male,NO
695,GA,73.93941433,AA_or_GA,Female,GB
696,GG,97.27913513,GG,Male,NO
697,GA,106.4796202,AA_or_GA,Male,GB
698,GG,98.7653681,GG,Female,GB
699,GG,95.87956187,GG,Male,GB
700,GG,102.3150359,GG,Male,GB
701,GG,98.1280574,GG,Female,NO
702,GG,97.1270669,GG,Female,IT
703,GA,86.80124601,AA_or_GA,Female,NO
704,GG,107.1697139,GG,Female,NO
705,GG,99.12634132,GG,Male,IT
706,GG,106.136276,GG,Male,NO
707,GG,106.7756142,GG,Female,NO
708,GA,90.98055319,AA_or_GA,Female,IT
709,GG,109.0698641,GG,Female,DE
710,GA,88.03591945,AA_or_GA,Male,DE
711,GG,99.61928678,GG,Female,GB
712,GG,97.62432446,GG,Female,GB
713,GA,87.92188221,AA_or_GA,Female,IT
714,GA,78.81784887,AA_or_GA,Female,IT
715,GG,97.59575185,GG,Female,GB
716,GG,87.08903202,GG,Male,GB
717,AA,80.01476184,AA_or_GA,Female,DE
718,GG,104.2857504,GG,Male,NO
719,GG,106.0675593,GG,Male,DE
720,GA,89.09623775,AA_or_GA,Female,NO
721,GG,109.0965319,GG,Male,IT
722,GG,93.39870181,GG,Male,IT
723,GG,88.85892264,GG,Female,GB
724,GG,97.23519876,GG,Male,NO
725,GA,86.37848168,AA_or_GA,Male,DE
726,GG,94.9959179,GG,Female,IT
727,GG,106.9099364,GG,Male,IT
728,GA,87.25301341,AA_or_GA,Male,IT
729,GG,94.88171124,GG,Male,NO
730,GG,107.1668708,GG,Female,DE
731,GA,91.05070421,AA_or_GA,Male,NO
732,GG,95.05878327,GG,Female,DE
733,GA,87.85845853,AA_or_GA,Female,GB
734,GG,97.58824233,GG,Male,DE
735,GG,99.23353002,GG,Male,DE
736,GG,81.81878536,GG,Female,NO
737,GG,96.44337509,GG,Female,NO
738,GG,96.22464194,GG,Male,IT
739,GG,107.5260829,GG,Male,NO
740,GG,107.710028,GG,Female,DE
741,GA,85.67521978,AA_or_GA,Male,NO
742,GG,101.2035819,GG,Male,IT
743,GG,99.20663687,GG,Female,DE
744,GA,88.2423292,AA_or_GA,Female,GB
745,GA,82.97767425,AA_or_GA,Female,NO
746,GG,82.61068131,GG,Male,IT
747,GG,98.45801794,GG,Female,GB
748,GG,84.45788818,GG,Female,GB
749,GA,93.20513744,AA_or_GA,Male,DE
750,GG,97.96870757,GG,Female,DE
751,GG,100.939338,GG,Male,IT
752,GA,97.58160096,AA_or_GA,Female,GB
753,GG,104.4507281,GG,Female,GB
754,GG,104.8276913,GG,Female,GB
755,GG,108.2568258,GG,Female,NO
756,AA,81.35970783,AA_or_GA,Male,GB
757,GG,97.20403041,GG,Male,NO
758,GA,89.60022471,AA_or_GA,Male,DE
759,GG,94.79860417,GG,Female,GB
760,GG,95.11995064,GG,Female,NO
761,GA,88.13624036,AA_or_GA,Female,GB
762,GG,108.353672,GG,Female,DE
763,GG,109.6594779,GG,Male,NO
764,GG,90.20071252,GG,Female,IT
765,GA,100.0719884,AA_or_GA,Male,DE
766,GG,95.20014028,GG,Female,GB
767,GG,94.15799105,GG,Female,GB
768,GG,94.92935328,GG,Female,IT
769,GG,89.91526486,GG,Male,DE
770,GG,99.24377112,GG,Male,NO
771,GG,104.9612304,GG,Male,NO
772,GG,96.69659188,GG,Female,GB
773,GG,98.8589936,GG,Male,NO
774,GA,89.25867614,AA_or_GA,Female,GB
775,GG,106.1382714,GG,Female,IT
776,GG,108.8803828,GG,Female,GB
777,GG,105.602065,GG,Female,NO
778,GG,96.26358043,GG,Female,GB
779,GA,79.09043911,AA_or_GA,Male,DE
780,GG,90.15890396,GG,Male,GB
781,AA,90.31259226,AA_or_GA,Male,GB
782,GA,109.4756156,AA_or_GA,Female,IT
783,GG,91.50328642,GG,Female,GB
784,GA,84.27153842,AA_or_GA,Male,NO
785,GG,96.84268443,GG,Male,NO
786,GG,107.0312638,GG,Male,NO
787,GG,104.3147295,GG,Male,NO
788,GA,86.65094912,AA_or_GA,Male,DE
789,GG,97.92238297,GG,Male,DE
790,GG,104.6703448,GG,Female,IT
791,GG,95.12630125,GG,Female,IT
792,GG,96.18361007,GG,Male,DE
793,GA,96.6661317,AA_or_GA,Female,GB
794,GG,99.10866908,GG,Female,IT
795,GG,105.2767318,GG,Female,NO
796,GG,93.538692,GG,Female,GB
797,GG,96.20046173,GG,Female,NO
798,GA,98.74125183,AA_or_GA,Male,GB
799,GA,99.15482853,AA_or_GA,Male,DE
800,GA,96.60541278,AA_or_GA,Male,NO
801,GG,95.65575297,GG,Female,GB
802,GG,94.7425297,GG,Male,GB
803,GG,95.22216525,GG,Female,NO
804,GG,99.10853921,GG,Male,IT
805,GG,107.863628,GG,Male,NO
806,GG,103.4387245,GG,Female,GB
807,GG,93.10049574,GG,Female,NO
808,GG,99.09582451,GG,Male,IT
809,GG,92.326404,GG,Female,IT
810,GG,91.1982109,GG,Male,IT
811,GA,102.0812066,AA_or_GA,Male,DE
812,GA,91.08586727,AA_or_GA,Female,GB
813,GA,82.94030908,AA_or_GA,Male,IT
814,GG,87.82344841,GG,Female,IT
815,GG,98.05110861,GG,Male,NO
816,GA,86.13925918,AA_or_GA,Female,NO
817,GG,97.15054068,GG,Male,NO
818,GG,108.7941097,GG,Male,DE
819,GG,99.07852065,GG,Male,IT
820,GG,95.11212729,GG,Female,GB
821,GG,85.03765622,GG,Female,IT
822,GG,95.91842477,GG,Female,DE
823,GA,74.25366567,AA_or_GA,Male,GB
824,GG,96.84583274,GG,Male,NO
825,GG,89.58342137,GG,Female,IT
826,GA,82.48083274,AA_or_GA,Female,IT
827,GG,90.12337034,GG,Female,NO
828,GG,100.0466483,GG,Female,DE
829,GG,107.2622342,GG,Male,GB
830,GG,97.51084179,GG,Female,GB
831,GA,95.49966478,AA_or_GA,Female,DE
832,GA,93.37834244,AA_or_GA,Male,NO
833,GG,108.1843046,GG,Male,IT
834,GG,94.73795503,GG,Female,DE
835,GG,104.3580297,GG,Female,NO
836,GG,93.98173223,GG,Female,DE
837,GG,95.32474734,GG,Female,GB
838,GA,86.70073202,AA_or_GA,Female,GB
839,GG,90.12887096,GG,Male,NO
840,GG,93.15760191,GG,Male,GB
841,GG,89.27737527,GG,Male,GB
842,GG,92.51264851,GG,Female,GB
843,GG,106.2106014,GG,Male,IT
844,GA,99.55660168,AA_or_GA,Female,GB
845,GG,98.43384554,GG,Male,DE
846,GA,93.13802392,AA_or_GA,Male,GB
847,GA,97.76065399,AA_or_GA,Male,DE
848,GG,93.35123111,GG,Female,NO
849,GA,95.13080757,AA_or_GA,Male,GB
850,GG,100.0516013,GG,Male,NO
851,GG,108.5512082,GG,Male,GB
852,GG,89.44976003,GG,Female,DE
853,GA,86.13258926,AA_or_GA,Female,NO
854,GG,90.41305836,GG,Male,IT
855,GA,95.55210051,AA_or_GA,Male,DE
856,GA,97.46354463,AA_or_GA,Female,GB
857,GA,104.6184443,AA_or_GA,Female,GB
858,GA,84.43025211,AA_or_GA,Female,NO
859,GA,82.02843181,AA_or_GA,Male,IT
860,GG,95.10767513,GG,Male,DE
861,GG,88.46179017,GG,Female,GB
862,GA,90.39151948,AA_or_GA,Female,GB
863,GG,88.63566214,GG,Female,NO
864,GA,98.65930226,AA_or_GA,Male,DE
865,GG,101.2207852,GG,Female,DE
866,GA,102.0673588,AA_or_GA,Female,GB
867,GG,105.2047113,GG,Female,DE
868,GG,107.5468818,GG,Male,GB
869,GA,86.02883604,AA_or_GA,Male,GB
870,GG,107.4494551,GG,Male,DE
871,GG,102.0255028,GG,Male,DE
872,GA,94.03103299,AA_or_GA,Female,GB
873,GG,91.65425101,GG,Male,IT
874,GG,97.98495956,GG,Male,DE
875,GG,90.8306004,GG,Male,IT
876,GA,92.20091552,AA_or_GA,Male,NO
877,AA,81.32556972,AA_or_GA,Female,GB
878,GA,94.58024765,AA_or_GA,Female,IT
879,GA,96.14469997,AA_or_GA,Male,IT
880,GG,105.2195404,GG,Female,NO
881,GG,87.64863071,GG,Female,GB
882,GG,108.1512559,GG,Female,NO
883,GG,100.0184635,GG,Male,NO
884,GA,87.70471338,AA_or_GA,Female,IT
885,GG,106.9661544,GG,Male,DE
886,GG,89.43362257,GG,Male,NO
887,GG,109.8998218,GG,Male,DE
888,GG,83.58124304,GG,Female,DE
889,GA,94.06597748,AA_or_GA,Female,NO
890,GA,104.6725476,AA_or_GA,Female,NO
891,GG,104.7975026,GG,Male,NO
892,GA,106.6419541,AA_or_GA,Female,NO
893,GA,90.96484735,AA_or_GA,Male,DE
894,GG,107.7586016,GG,Female,GB
895,GA,97.94334418,AA_or_GA,Male,NO
896,GG,90.8735309,GG,Female,GB
897,GG,109.1844243,GG,Male,GB
898,GG,105.6709499,GG,Female,GB
899,GG,98.70843034,GG,Female,GB
900,GG,99.00691157,GG,Male,IT
901,GG,84.9387943,GG,Male,GB
902,GG,108.9417398,GG,Male,IT
903,GG,108.2143999,GG,Female,IT
904,GG,99.12680562,GG,Male,DE
905,GA,99.11502039,AA_or_GA,Female,DE
906,GG,106.5933239,GG,Male,IT
907,GG,95.32792316,GG,Male,DE
908,GA,82.93699486,AA_or_GA,Female,IT
909,GG,94.80615775,GG,Female,GB
910,GG,107.0732139,GG,Male,NO
911,GA,97.93806869,AA_or_GA,Female,NO
912,GG,102.2795603,GG,Male,NO
913,GG,106.8726829,GG,Female,NO
914,GG,93.65947388,GG,Male,IT
915,GG,103.7348323,GG,Female,IT
916,GG,105.9470635,GG,Male,NO
917,GG,90.62410495,GG,Male,GB
918,GG,95.83862692,GG,Female,NO
919,GG,104.9283562,GG,Female,IT
920,GG,99.09516498,GG,Female,DE
921,GG,91.93095519,GG,Female,DE
922,GG,107.394538,GG,Female,GB
923,GG,82.64846092,GG,Female,GB
924,GG,106.2269617,GG,Male,NO
925,GA,80.9871228,AA_or_GA,Male,NO
926,GG,107.7739298,GG,Male,GB
927,GA,106.1323084,AA_or_GA,Male,GB
928,GG,105.1054315,GG,Male,NO
929,GG,99.49360665,GG,Female,GB
930,GG,94.26632283,GG,Female,IT
931,GG,104.9717731,GG,Female,DE
932,GA,84.95152534,AA_or_GA,Male,IT
933,GG,108.1934649,GG,Female,GB
934,GG,106.7144857,GG,Male,GB
935,GG,108.7089434,GG,Male,GB
936,GG,109.1808459,GG,Female,IT
937,GA,80.88049329,AA_or_GA,Male,IT
938,GG,99.95632177,GG,Male,NO
939,GA,84.04985575,AA_or_GA,Male,IT
940,GG,98.34510047,GG,Male,GB
941,GG,103.3677039,GG,Female,IT
942,GG,97.87301503,GG,Female,DE
943,GG,107.021392,GG,Male,NO
944,GA,73.95433783,AA_or_GA,Female,GB
945,GG,99.95272191,GG,Male,NO
946,GG,94.87872305,GG,Male,NO
947,GG,105.4950287,GG,Female,IT
948,GG,94.10055833,GG,Female,GB
949,GA,85.47592092,AA_or_GA,Male,GB
950,GG,108.4084788,GG,Male,DE
951,GA,89.30545559,AA_or_GA,Female,GB
952,GG,101.1698528,GG,Male,DE
953,GG,105.5559442,GG,Male,NO
954,GG,99.15642954,GG,Male,NO
955,GG,107.9769901,GG,Female,IT
956,GA,86.03626287,AA_or_GA,Male,GB
957,GA,83.20625757,AA_or_GA,Female,NO
958,GG,106.4418835,GG,Male,GB
959,GA,93.02648884,AA_or_GA,Male,IT
960,GG,90.74472413,GG,Female,GB
961,GG,106.5848814,GG,Female,NO
962,AA,83.58494645,AA_or_GA,Male,IT
963,GG,93.60407818,GG,Male,GB
964,GA,79.14192763,AA_or_GA,Male,GB
965,GG,93.55451042,GG,Female,GB
966,GG,106.0032109,GG,Male,IT
967,GA,86.81149921,AA_or_GA,Male,IT
968,GG,105.5403694,GG,Female,NO
969,GG,106.2665957,GG,Female,DE
970,GG,103.9868107,GG,Male,GB
971,GG,99.43244652,GG,Male,GB
972,GG,99.15195125,GG,Female,NO
973,GG,105.022208,GG,Male,NO
974,GG,101.604946,GG,Female,DE
975,GA,86.20517515,AA_or_GA,Male,GB
976,GA,93.69336117,AA_or_GA,Male,DE
977,GG,97.43785794,GG,Female,GB
978,GG,91.76465538,GG,Female,DE
979,GG,95.7004785,GG,Male,IT
980,GA,84.1186317,AA_or_GA,Female,NO
981,GG,99.42893275,GG,Female,GB
982,GA,87.72021444,AA_or_GA,Female,IT
983,GG,97.09768581,GG,Male,GB
984,GG,87.13276675,GG,Male,DE
985,GA,75.9725889,AA_or_GA,Female,NO
986,GG,92.9676022,GG,Female,NO
987,GG,91.86403687,GG,Female,IT
988,GG,99.15094415,GG,Male,NO
989,GA,90.84489501,AA_or_GA,Male,GB
990,GG,93.93918335,GG,Female,NO
991,GG,92.992565,GG,Male,GB
992,GG,99.42699615,GG,Female,GB
993,GA,96.14208895,AA_or_GA,Female,GB
994,GA,94.42718495,AA_or_GA,Male,NO
995,GG,108.4995216,GG,Female,IT
996,GG,107.8548393,GG,Female,DE
997,GA,106.2497305,AA_or_GA,Female,DE
998,GA,97.41836716,AA_or_GA,Female,GB
999,GG,99.90949859,GG,Female,NO
1000,GG,95.26658918,GG,Female,DE
1001,GG,108.8780834,GG,Female,NO
1002,GG,106.345764,GG,Female,NO
1003,GA,96.50697073,AA_or_GA,Female,NO
1004,GG,96.90576651,GG,Female,IT
1005,GG,97.55373506,GG,Female,DE
1006,GG,96.88242698,GG,Female,IT
1007,GG,89.79877429,GG,Female,NO
1008,GG,94.74290213,GG,Female,GB
1009,GG,103.0650836,GG,Female,GB
1010,GG,97.08752959,GG,Female,NO
1011,GG,85.91523644,GG,Male,GB
1012,AA,92.73078348,AA_or_GA,Female,DE
1013,GG,97.03729552,GG,Male,NO
1014,GG,96.51299609,GG,Female,GB
1015,GA,70.14753954,AA_or_GA,Female,NO
1016,GA,109.1636597,AA_or_GA,Male,GB
1017,GG,81.92032971,GG,Female,GB
1018,GG,98.13715828,GG,Male,IT
1019,GG,107.7850198,GG,Female,NO
1020,GG,105.6763296,GG,Female,NO
1021,GA,94.41812996,AA_or_GA,Female,NO
1022,GA,92.12371207,AA_or_GA,Female,NO
1023,GG,101.8933509,GG,Female,DE
1024,GA,101.1255163,AA_or_GA,Female,DE
1025,AA,85.8781046,AA_or_GA,Male,GB
1026,GA,85.77260392,AA_or_GA,Male,IT
1027,GG,96.488491,GG,Male,GB
1028,GG,97.3756719,GG,Male,GB
1029,GG,86.16918251,GG,Female,GB
1030,GG,105.7916125,GG,Male,IT
1031,GA,95.67632437,AA_or_GA,Male,DE
1032,GA,83.82683634,AA_or_GA,Male,NO
1033,GG,97.36672462,GG,Male,GB
1034,GA,76.77425475,AA_or_GA,Female,NO
1035,GG,95.48950005,GG,Female,IT
1036,GG,98.52264125,GG,Female,DE
1037,GG,96.73942213,GG,Male,NO
1038,GG,102.7267177,GG,Female,NO
1039,GA,91.61158824,AA_or_GA,Male,GB
1040,GA,91.41644959,AA_or_GA,Female,GB
1041,GA,81.54838084,AA_or_GA,Female,IT
1042,GG,104.6066117,GG,Female,IT
1043,GA,80.73249058,AA_or_GA,Female,DE
1044,GG,93.03216259,GG,Male,DE
1045,GA,88.96080314,AA_or_GA,Male,NO
1046,GG,103.3822914,GG,Female,GB
1047,GG,96.84766823,GG,Male,IT
1048,GA,94.4161595,AA_or_GA,Female,IT
1049,GG,92.18001837,GG,Male,NO
1050,GA,88.35113534,AA_or_GA,Male,GB
1051,GA,88.09451478,AA_or_GA,Male,NO
1052,GA,87.33255689,AA_or_GA,Male,DE
1053,GA,88.92344218,AA_or_GA,Female,IT
1054,GG,108.2498279,GG,Male,IT
1055,GA,92.51312472,AA_or_GA,Male,NO
1056,GG,106.0754672,GG,Male,DE
1057,GG,92.0144858,GG,Male,NO
1058,GG,86.26031305,GG,Female,IT
1059,GG,101.1121999,GG,Male,DE
1060,GG,99.84425823,GG,Female,DE
1061,GA,82.81139435,AA_or_GA,Male,DE
1062,GA,82.94196162,AA_or_GA,Female,NO
1063,GG,103.2913467,GG,Male,NO
1064,GA,99.09449071,AA_or_GA,Female,NO
1065,GA,108.3486906,AA_or_GA,Female,DE
1066,GA,93.66767093,AA_or_GA,Male,GB
1067,GG,106.6599929,GG,Male,GB
1068,GG,96.47903111,GG,Male,DE
1069,GG,97.31953952,GG,Female,GB
1070,GA,106.3133457,AA_or_GA,Male,GB
1071,GA,87.00556144,AA_or_GA,Male,IT
1072,GA,88.02804176,AA_or_GA,Female,DE
1073,GA,87.27516908,AA_or_GA,Male,DE
1074,GG,85.10739517,GG,Female,DE
1075,GG,103.6526973,GG,Male,GB
1076,GA,79.30432859,AA_or_GA,Male,NO
1077,GG,107.560909,GG,Male,DE
1078,GG,97.81542975,GG,Male,NO
1079,GA,97.31912051,AA_or_GA,Male,DE
1080,GG,87.43966559,GG,Female,DE
1081,GA,90.97910853,AA_or_GA,Female,IT
1082,GA,88.44681956,AA_or_GA,Male,GB
1083,GG,102.6903577,GG,Female,NO
1084,GG,106.8691896,GG,Female,GB
1085,GG,93.8909643,GG,Male,IT
1086,GA,94.42764101,AA_or_GA,Male,GB
1087,GG,98.84857583,GG,Female,IT
1088,GG,101.8216876,GG,Male,GB
1089,GA,96.97482072,AA_or_GA,Male,NO
1090,GG,100.1687373,GG,Female,GB
1091,GA,99.81053777,AA_or_GA,Male,DE
1092,GG,104.1796098,GG,Male,NO
1093,GG,107.0258391,GG,Female,IT
1094,GG,106.2050837,GG,Female,NO
1095,GG,89.14441348,GG,Female,GB
1096,GG,101.0894465,GG,Male,DE
1097,GA,88.01774334,AA_or_GA,Female,NO
1098,GG,92.93192584,GG,Male,NO
1099,GA,101.6830411,AA_or_GA,Female,IT
1100,GG,109.4208729,GG,Female,GB
1101,GA,87.90576794,AA_or_GA,Male,IT
1102,GA,87.79847849,AA_or_GA,Female,IT
1103,GG,104.827459,GG,Female,NO
1104,GA,87.78939799,AA_or_GA,Female,DE
1105,GA,87.42614446,AA_or_GA,Female,GB
1106,GG,96.80113201,GG,Female,IT
1107,GG,107.7103996,GG,Male,GB
1108,GG,95.78512991,GG,Male,NO
1109,GG,108.6630633,GG,Female,DE
1110,GA,101.8452873,AA_or_GA,Male,DE
1111,GG,105.8949044,GG,Female,NO
1112,GG,97.77985817,GG,Male,NO
1113,GG,96.38511932,GG,Female,DE
1114,GG,89.34096583,GG,Male,DE
1115,GG,97.26183835,GG,Male,GB
1116,GG,104.9119654,GG,Female,GB
1117,GG,96.4656994,GG,Male,GB
1118,GG,90.29000331,GG,Male,DE
1119,GG,105.0975897,GG,Female,GB
1120,GG,103.3892147,GG,Female,NO
1121,GG,105.7650426,GG,Male,NO
1122,GG,98.79941335,GG,Male,IT
1123,GG,107.2865174,GG,Male,GB
1124,GG,93.41949249,GG,Female,NO
1125,GG,85.0671005,GG,Male,GB
1126,GA,85.84758778,AA_or_GA,Male,GB
1127,GG,109.3956853,GG,Male,DE
1128,GA,96.52057228,AA_or_GA,Female,DE
1129,GG,87.75116827,GG,Female,DE
1130,GG,92.10620546,GG,Female,NO
1131,GA,101.7682195,AA_or_GA,Female,DE
1132,GG,108.6020759,GG,Female,GB
1133,GA,91.12625648,AA_or_GA,Male,GB
1134,GG,96.81707914,GG,Male,DE
1135,GG,106.9912015,GG,Female,DE
1136,GA,89.12346203,AA_or_GA,Female,NO
1137,GG,99.74054892,GG,Female,NO
1138,GG,96.95209792,GG,Female,NO
1139,GG,103.2536607,GG,Male,NO
1140,GA,92.84630712,AA_or_GA,Female,DE
1141,GA,94.54225038,AA_or_GA,Male,GB
1142,GG,89.48175832,GG,Male,IT
1143,GA,90.02722093,AA_or_GA,Female,DE
1144,GG,107.3260737,GG,Male,GB
1145,GG,104.9927463,GG,Female,NO
1146,GG,96.45097627,GG,Female,GB
1147,GG,101.0889785,GG,Male,DE
1148,GG,106.4139486,GG,Male,IT
1149,GG,108.6283606,GG,Female,DE
1150,GG,101.7357491,GG,Male,DE
1151,GG,90.02020652,GG,Female,DE
1152,GA,87.82708176,AA_or_GA,Male,GB
1153,GG,93.07717366,GG,Male,IT
1154,GG,107.5056011,GG,Female,NO
1155,AA,61.43426386,AA_or_GA,Female,IT
1156,GA,96.48515141,AA_or_GA,Female,DE
1157,GA,78.23549539,AA_or_GA,Male,NO
1158,GG,96.9494991,GG,Female,NO
1159,GG,92.88123163,GG,Male,DE
1160,GA,92.00016428,AA_or_GA,Female,GB
1161,GG,92.38582337,GG,Male,GB
1162,GG,89.8731591,GG,Female,NO
1163,GA,89.15164334,AA_or_GA,Female,GB
1164,GA,86.85613168,AA_or_GA,Female,NO
1165,GG,98.58805714,GG,Male,GB
1166,GG,93.92356807,GG,Male,NO
1167,GG,91.133162,GG,Female,IT
1168,GG,108.8304371,GG,Female,IT
1169,GG,94.57905102,GG,Male,DE
1170,GG,95.97813765,GG,Female,GB
1171,GG,96.93465935,GG,Male,NO
1172,GG,97.28321388,GG,Female,DE
1173,GA,106.84764,AA_or_GA,Male,NO
1174,GG,89.85512126,GG,Male,GB
1175,GG,88.15934168,GG,Female,NO
1176,GG,101.0877287,GG,Female,DE
1177,GA,91.42720042,AA_or_GA,Female,GB
1178,GG,109.8884226,GG,Female,GB
1179,GA,89.82178305,AA_or_GA,Male,IT
1180,GG,96.13984258,GG,Male,NO
1181,GA,99.50217653,AA_or_GA,Female,DE
1182,GG,94.56688098,GG,Male,DE
1183,GG,106.0942905,GG,Female,DE
1184,GG,82.6062383,GG,Male,IT
1185,GA,98.16565273,AA_or_GA,Male,DE
1186,GA,83.77611946,AA_or_GA,Female,IT
1187,GA,84.57977688,AA_or_GA,Female,DE
1188,GA,90.93766332,AA_or_GA,Male,GB
1189,GG,106.2590624,GG,Female,IT
1190,GG,103.948189,GG,Male,NO
1191,GG,99.72901318,GG,Female,NO
1192,GG,99.72856554,GG,Male,NO
1193,GA,98.57672972,AA_or_GA,Male,GB
1194,GG,106.8233733,GG,Female,GB
1195,GA,86.58879233,AA_or_GA,Female,IT
1196,GA,67.97986673,AA_or_GA,Female,DE
1197,GA,106.7823528,AA_or_GA,Female,GB
1198,GG,94.72818517,GG,Male,DE
1199,GG,109.8851508,GG,Female,GB
1200,GG,98.91514291,GG,Female,DE
1201,GG,96.83707031,GG,Female,NO
1202,GA,87.70179216,AA_or_GA,Female,DE
1203,GG,92.42923156,GG,Male,DE
1204,GG,103.7039872,GG,Male,GB
1205,GA,99.48999395,AA_or_GA,Male,DE
1206,GG,104.9193878,GG,Male,NO
1207,GG,93.43414084,GG,Male,IT
1208,GG,92.48865162,GG,Male,NO
1209,GG,96.6483676,GG,Male,NO
1210,GG,109.8089987,GG,Female,GB
1211,GG,98.6036255,GG,Female,IT
1212,GA,92.54791599,AA_or_GA,Female,GB
1213,GA,89.57167783,AA_or_GA,Male,IT
1214,GG,96.91440319,GG,Female,NO
1215,GA,84.24244016,AA_or_GA,Male,DE
1216,GA,101.0431245,AA_or_GA,Female,DE
1217,GA,76.84337794,AA_or_GA,Female,GB
1218,GG,109.8834974,GG,Female,DE
1219,GG,104.3801875,GG,Male,IT
1220,GG,109.7726677,GG,Female,GB
1221,GA,80.4452014,AA_or_GA,Male,NO
1222,GG,86.58680915,GG,Male,NO
1223,GG,107.3217585,GG,Female,GB
1224,GG,106.1925378,GG,Male,NO
1225,GA,84.15943169,AA_or_GA,Male,GB
1226,GG,96.75458182,GG,Male,IT
1227,GG,92.28921555,GG,Female,NO
1228,GG,108.1732532,GG,Male,NO
1229,GA,95.60366742,AA_or_GA,Male,GB
1230,GA,92.66016059,AA_or_GA,Female,DE
1231,GG,106.533461,GG,Female,NO
1232,GG,92.85586519,GG,Female,IT
1233,GG,98.83167034,GG,Male,DE
1234,GG,96.07826931,GG,Male,DE
1235,GG,85.0019526,GG,Male,GB
1236,GG,97.01009873,GG,Male,DE
1237,GG,90.28365192,GG,Female,DE
1238,GG,99.70736967,GG,Female,NO
1239,GA,91.09709821,AA_or_GA,Male,GB
1240,GA,72.60425339,AA_or_GA,Female,GB
1241,GG,106.2735869,GG,Male,GB
1242,GG,97.24410549,GG,Female,GB
1243,GA,105.8004859,AA_or_GA,Female,GB
1244,GG,91.90255714,GG,Male,GB
1245,GG,96.98076383,GG,Male,DE
1246,GG,106.4731595,GG,Female,IT
1247,GG,107.5503608,GG,Female,IT
1248,GG,103.8735626,GG,Female,GB
1249,GA,90.3118002,AA_or_GA,Female,NO
1250,GG,99.69491546,GG,Female,NO
1251,GG,98.88020326,GG,Male,DE
1252,GG,96.37045043,GG,Male,GB
1253,GG,98.69256329,GG,Male,IT
1254,GG,109.6116642,GG,Female,GB
1255,GG,97.24009161,GG,Female,GB
1256,GA,95.01840177,AA_or_GA,Male,DE
1257,GG,97.34374763,GG,Male,DE
1258,GG,102.9998459,GG,Female,NO
1259,GG,90.14379747,GG,Male,DE
1260,GG,102.2586808,GG,Female,NO
1261,GA,91.10316586,AA_or_GA,Male,DE
1262,GG,104.3253481,GG,Male,DE
1263,GG,96.32239016,GG,Female,DE
1264,GG,108.2309675,GG,Male,IT
1265,GA,79.25281588,AA_or_GA,Female,IT
1266,GG,108.941755,GG,Female,IT
1267,GG,97.23009599,GG,Female,GB
1268,GG,106.8276473,GG,Male,DE
1269,GG,109.6877759,GG,Female,IT
1270,GG,95.74527428,GG,Female,GB
1271,GG,101.6536064,GG,Male,DE
1272,GG,109.4024342,GG,Male,NO
1273,GG,106.1379445,GG,Male,GB
1274,GG,109.3237428,GG,Female,DE
1275,GG,105.647337,GG,Female,GB
1276,GG,88.36466006,GG,Female,NO
1277,GG,107.1199975,GG,Male,IT
1278,GG,103.4638148,GG,Female,GB
1279,GG,107.4131415,GG,Female,DE
1280,GG,107.8569058,GG,Female,GB
1281,GG,95.06817085,GG,Female,IT
1282,GA,77.81927649,AA_or_GA,Male,GB
1283,GG,90.11468435,GG,Male,DE
1284,GG,109.5165825,GG,Male,DE
1285,GG,108.5587927,GG,Female,IT
1286,GG,109.3383794,GG,Male,DE
1287,GG,108.5323931,GG,Male,NO
1288,GG,94.04623684,GG,Male,NO
1289,GG,93.54037662,GG,Female,GB
1290,GG,99.09871526,GG,Male,GB
1291,GG,99.01883593,GG,Male,NO
1292,GG,94.92897196,GG,Female,NO
1293,GG,108.6796128,GG,Female,IT
1294,GG,96.85415588,GG,Male,NO
1295,GG,95.52591405,GG,Female,GB
1296,GG,94.68957943,GG,Female,IT
1297,GG,97.2222724,GG,Male,GB
1298,GG,107.9206762,GG,Female,IT
1299,GG,104.2985349,GG,Male,DE
1300,GG,98.50758374,GG,Female,GB
1301,GA,86.7851615,AA_or_GA,Female,DE
1302,GA,84.48116642,AA_or_GA,Male,IT
1303,GG,98.29855551,GG,Female,GB
1304,GG,105.8225946,GG,Male,NO
1305,GA,93.07197266,AA_or_GA,Male,NO
1306,GA,95.46806137,AA_or_GA,Female,IT
1307,GG,91.97537956,GG,Male,NO
1308,GA,96.6855435,AA_or_GA,Female,DE
1309,GG,105.0785109,GG,Male,NO
1310,GG,95.90989525,GG,Female,DE
1311,GA,98.34453851,AA_or_GA,Male,DE
1312,GA,88.47565167,AA_or_GA,Male,DE
1313,GG,94.22312383,GG,Male,DE
1314,GA,84.57343896,AA_or_GA,Male,IT
1315,GG,107.3569432,GG,Female,DE
1316,GG,100.6297987,GG,Female,NO
1317,GG,100.6159384,GG,Female,NO
1318,GA,91.90051551,AA_or_GA,Female,GB
1319,GG,100.7969607,GG,Male,DE
1320,GG,94.21321461,GG,Female,GB
1321,GG,82.66116099,GG,Female,IT
1322,GG,98.79093216,GG,Male,NO
1323,GG,108.0699053,GG,Male,GB
1324,GA,89.0759909,AA_or_GA,Male,NO
1325,GG,108.600586,GG,Male,IT
1326,GG,96.53604661,GG,Female,NO
1327,GA,107.7324601,AA_or_GA,Female,NO
1328,GG,75.83605758,GG,Female,GB
1329,GG,98.78324824,GG,Male,NO
1330,AA,79.64897813,AA_or_GA,Male,GB
1331,GG,93.84566005,GG,Male,GB
1332,GA,100.0973656,AA_or_GA,Female,GB
1333,GG,92.43411158,GG,Female,DE
1334,GG,106.7713622,GG,Male,NO
1335,GG,99.59412589,GG,Female,NO
1336,GG,103.2284832,GG,Female,IT
1337,GA,88.36174238,AA_or_GA,Female,IT
1338,GG,104.1701416,GG,Female,IT
1339,GG,100.0759541,GG,Male,GB
1340,GG,92.18319083,GG,Male,IT
1341,GG,104.6148067,GG,Male,NO
1342,GA,93.24876914,AA_or_GA,Male,DE
1343,GG,97.47020576,GG,Male,NO
1344,GG,92.69912835,GG,Female,DE
1345,GG,96.16475136,GG,Male,NO
1346,GA,91.30653659,AA_or_GA,Male,DE
1347,GG,90.65237935,GG,Female,DE
1348,GG,94.88932121,GG,Male,IT
1349,GG,107.8295479,GG,Female,IT
1350,GG,109.6423518,GG,Female,DE
1351,GG,107.4181163,GG,Female,GB
1352,GA,96.26284107,AA_or_GA,Female,DE
1353,GG,109.0367893,GG,Female,GB
1354,GG,107.4258326,GG,Male,NO
1355,GG,90.20348408,GG,Female,GB
1356,GA,94.63330518,AA_or_GA,Female,GB
1357,GG,90.92214372,GG,Male,GB
1358,GG,98.26924298,GG,Female,GB
1359,GG,96.34555653,GG,Male,GB
1360,GG,96.95893933,GG,Female,GB
1361,GG,108.1831978,GG,Female,DE
1362,GG,100.0690932,GG,Female,GB
1363,GG,98.26087594,GG,Female,GB
1364,GG,101.5890825,GG,Female,DE
1365,GA,80.07201425,AA_or_GA,Female,DE
1366,GG,89.54521783,GG,Female,NO
1367,GG,105.1234921,GG,Female,GB
1368,GG,99.58848488,GG,Female,NO
1369,GG,97.45688094,GG,Male,NO
1370,GG,107.8653213,GG,Male,GB
1371,GG,96.93972793,GG,Male,GB
1372,GG,107.7390216,GG,Male,GB
1373,GG,102.553188,GG,Female,DE
1374,GA,74.98251498,AA_or_GA,Female,GB
1375,GG,93.33688242,GG,Male,DE
1376,GG,100.0528651,GG,Male,GB
1377,GG,104.9585179,GG,Male,GB
1378,GG,94.3315039,GG,Male,DE
1379,GG,86.7875441,GG,Male,GB
1380,GG,89.02229148,GG,Male,DE
1381,GA,87.00678233,AA_or_GA,Male,NO
1382,GA,81.77722739,AA_or_GA,Male,NO
1383,GG,93.34535329,GG,Female,GB
1384,GA,76.96421346,AA_or_GA,Male,DE
1385,GG,98.60221984,GG,Male,DE
1386,GG,92.82236586,GG,Female,NO
1387,GG,98.26040353,GG,Male,GB
1388,GA,108.9087625,AA_or_GA,Female,GB
1389,GA,92.73106881,AA_or_GA,Male,GB
1390,GG,96.80832204,GG,Male,NO
1391,GG,102.5431749,GG,Male,DE
1392,GG,93.33934129,GG,Female,DE
1393,GG,96.61400059,GG,Male,IT
1394,GG,97.95490156,GG,Female,IT
1395,GG,92.17929264,GG,Female,GB
1396,GA,93.95740996,AA_or_GA,Female,GB
1397,GG,89.16713562,GG,Female,DE
1398,GA,98.75567103,AA_or_GA,Male,NO
1399,GA,98.47421343,AA_or_GA,Female,DE
1400,GA,89.89626283,AA_or_GA,Male,DE
1401,GG,95.39149557,GG,Male,GB
1402,GA,90.21862672,AA_or_GA,Male,GB
1403,GG,94.32981708,GG,Female,IT
1404,GG,102.5373173,GG,Male,DE
1405,GG,96.43935879,GG,Male,IT
1406,GG,105.9989035,GG,Female,IT
1407,GG,90.99765636,GG,Male,NO
1408,GG,96.38293226,GG,Male,NO
1409,GA,93.60430017,AA_or_GA,Female,GB
1410,GG,109.2030397,GG,Male,GB
1411,GG,104.8689322,GG,Male,DE
1412,GA,75.13119428,AA_or_GA,Female,GB
1413,GG,108.6303317,GG,Female,DE
1414,GG,108.667015,GG,Male,DE
1415,GG,103.5512742,GG,Female,GB
1416,GA,79.45173829,AA_or_GA,Female,NO
1417,GA,85.62048004,AA_or_GA,Male,NO
1418,GA,79.14826646,AA_or_GA,Female,DE
1419,GG,107.6592489,GG,Female,DE
1420,GG,105.3941525,GG,Male,NO
1421,GG,98.74998322,GG,Male,NO
1422,GA,83.22992285,AA_or_GA,Male,NO
1423,GG,95.09455694,GG,Female,GB
1424,GG,93.48548251,GG,Male,DE
1425,GA,93.04411284,AA_or_GA,Male,GB
1426,GA,96.0609911,AA_or_GA,Female,DE
1427,GG,95.79281958,GG,Male,IT
1428,GA,96.77284681,AA_or_GA,Female,DE
1429,GG,86.4492114,GG,Male,NO
1430,GA,96.33706203,AA_or_GA,Female,GB
1431,GA,93.26424488,AA_or_GA,Female,GB
1432,GA,78.98044316,AA_or_GA,Male,NO
1433,GG,77.44838029,GG,Female,GB
1434,GG,91.22783237,GG,Female,GB
1435,GG,105.7177251,GG,Female,GB
1436,GA,91.5047762,AA_or_GA,Female,GB
1437,GA,82.1386158,AA_or_GA,Male,IT
1438,GA,94.67424676,AA_or_GA,Female,NO
1439,GG,105.921025,GG,Male,NO
1440,GG,104.1415515,GG,Male,IT
1441,GG,87.07006057,GG,Male,GB
1442,GG,99.07231205,GG,Male,GB
1443,GG,105.1895377,GG,Female,IT
1444,GG,106.7970415,GG,Male,NO
1445,GA,91.0884564,AA_or_GA,Female,NO
1446,GA,87.37449686,AA_or_GA,Male,DE
1447,GA,83.99679792,AA_or_GA,Female,GB
1448,GG,103.7037269,GG,Male,NO
1449,GA,106.7932494,AA_or_GA,Male,NO
1450,GA,77.62477191,AA_or_GA,Female,DE
1451,GG,100.7300206,GG,Female,DE
1452,GG,107.0960385,GG,Male,NO
1453,GG,97.72098151,GG,Male,IT
1454,GG,105.0438866,GG,Male,NO
1455,GA,89.16972656,AA_or_GA,Male,IT
1456,GG,106.5355572,GG,Male,NO
1457,GG,104.7020802,GG,Female,IT
1458,GG,108.0632076,GG,Female,NO
1459,GG,83.24860725,GG,Male,DE
1460,GG,98.20506363,GG,Female,GB
1461,GG,101.8024295,GG,Female,NO
1462,GG,104.641987,GG,Female,GB
1463,GG,92.37090881,GG,Female,NO
1464,GG,109.8333966,GG,Female,NO
1465,GG,93.96584489,GG,Female,IT
1466,GG,99.4342087,GG,Female,DE
1467,GG,102.2268719,GG,Male,NO
1468,GG,93.49382957,GG,Female,GB
1469,GG,106.1919823,GG,Male,GB
1470,GG,96.85917841,GG,Female,DE
1471,GG,97.15538661,GG,Female,DE
1472,GG,105.8703708,GG,Female,NO
1473,GA,93.05313466,AA_or_GA,Female,NO
1474,AA,77.17890643,AA_or_GA,Female,GB
1475,GG,91.34053528,GG,Female,DE
1476,GG,98.70041314,GG,Female,NO
1477,GG,95.86720906,GG,Male,NO
1478,GA,89.00048496,AA_or_GA,Female,NO
1479,GG,102.5259637,GG,Male,DE
1480,GG,99.06759051,GG,Male,GB
1481,GG,103.4238982,GG,Female,GB
1482,GG,95.60164302,GG,Female,NO
1483,GA,94.48458841,AA_or_GA,Male,DE
1484,GG,107.5683728,GG,Male,NO
1485,GG,91.43984707,GG,Male,IT
1486,GG,89.8183717,GG,Male,NO
1487,GA,90.07141449,AA_or_GA,Male,GB
1488,GA,84.01675608,AA_or_GA,Female,GB
1489,GG,108.0697819,GG,Female,GB
1490,GA,103.7710941,AA_or_GA,Male,NO
1491,GA,86.73294436,AA_or_GA,Female,GB
1492,GG,94.49168173,GG,Male,DE
1493,GA,100.5205247,AA_or_GA,Male,NO
1494,GG,95.96099413,GG,Female,NO
1495,GG,98.62353896,GG,Male,DE
1496,GG,109.2896184,GG,Female,GB
1497,GG,94.93327216,GG,Female,DE
1498,GG,97.59051003,GG,Female,DE
1499,GG,107.3005396,GG,Female,DE
1500,GG,100.6980591,GG,Female,DE
1501,GG,109.5828872,GG,Male,NO
1502,GA,87.93250191,AA_or_GA,Male,GB
1503,GG,107.4861595,GG,Female,GB
1504,GG,88.50255177,GG,Male,GB
1505,GG,96.93481298,GG,Male,DE
1506,GG,105.6612417,GG,Female,IT
1507,GG,106.258795,GG,Female,NO
1508,GA,92.57707111,AA_or_GA,Female,GB
1509,GG,101.4601418,GG,Male,GB
1510,GA,88.21867298,AA_or_GA,Male,GB
1511,GG,102.3852543,GG,Female,NO
1512,GG,108.1741173,GG,Male,GB
1513,GG,99.43218487,GG,Female,DE
1514,GG,103.9983549,GG,Female,GB
1515,GG,90.33173866,GG,Male,DE
1516,GG,98.55639275,GG,Female,IT
1517,GA,95.73852697,AA_or_GA,Male,NO
1518,GA,94.02544006,AA_or_GA,Male,NO
1519,GA,96.92955546,AA_or_GA,Male,GB
1520,GG,97.68437254,GG,Female,IT
1521,GG,100.5106598,GG,Male,NO
1522,GA,88.96241717,AA_or_GA,Female,GB
1523,GG,105.3730515,GG,Male,NO
1524,GG,93.59930733,GG,Female,GB
1525,GA,95.42456097,AA_or_GA,Female,DE
1526,GG,107.7181957,GG,Male,DE
1527,GG,92.51418913,GG,Female,IT
1528,GG,109.9866912,GG,Female,NO
1529,GA,87.25975901,AA_or_GA,Female,GB
1530,GA,95.0026061,AA_or_GA,Female,DE
1531,GG,94.61425059,GG,Female,DE
1532,GG,98.42565428,GG,Female,DE
1533,GA,98.16486776,AA_or_GA,Male,GB
1534,GA,89.3106067,AA_or_GA,Male,IT
1535,GG,106.5844761,GG,Female,IT
1536,GA,86.91516594,AA_or_GA,Female,IT
1537,GA,79.58070131,AA_or_GA,Male,IT
1538,GG,88.79825568,GG,Male,DE
1539,GG,95.69320813,GG,Male,IT
1540,GG,94.08601534,GG,Female,NO
1541,GG,107.5081311,GG,Male,DE
1542,GA,93.09975111,AA_or_GA,Male,DE
1543,GG,109.0472529,GG,Female,GB
1544,GG,95.62055705,GG,Male,IT
1545,GG,109.3067517,GG,Female,DE
1546,GA,106.6796758,AA_or_GA,Male,GB
1547,GG,94.12578666,GG,Female,DE
1548,GA,80.91536935,AA_or_GA,Male,DE
1549,GA,84.48151821,AA_or_GA,Male,GB
1550,GA,75.56491271,AA_or_GA,Female,GB
1551,GG,90.58027936,GG,Male,GB
1552,GA,87.49134771,AA_or_GA,Male,GB
1553,GG,93.54272623,GG,Male,NO
1554,GA,79.23158384,AA_or_GA,Male,IT
1555,GG,93.98400043,GG,Female,NO
1556,GG,107.6999908,GG,Female,GB
1557,GA,80.65626712,AA_or_GA,Female,DE
1558,GA,87.69766131,AA_or_GA,Female,NO
1559,GA,89.37438721,AA_or_GA,Female,GB
1560,GG,99.03586943,GG,Female,GB
1561,GG,89.7766731,GG,Male,GB
1562,GG,99.61065206,GG,Female,DE
1563,GG,108.3610207,GG,Female,GB
1564,GG,99.42889764,GG,Male,DE
1565,GG,100.0100098,GG,Female,GB
1566,GG,98.6397559,GG,Male,NO
1567,GA,92.54222975,AA_or_GA,Male,NO
1568,GG,104.3576367,GG,Male,NO
1569,GG,94.12507022,GG,Male,IT
1570,GG,107.1851141,GG,Female,GB
1571,GG,91.10628586,GG,Male,NO
1572,GG,101.9996955,GG,Female,IT
1573,GA,86.26756445,AA_or_GA,Male,IT
1574,GA,93.91820137,AA_or_GA,Male,NO
1575,GG,101.52422,GG,Female,DE
1576,GG,92.90990893,GG,Male,GB
1577,GA,105.13007,AA_or_GA,Female,IT
1578,GG,98.16210506,GG,Female,DE
1579,GG,98.44577347,GG,Male,GB
1580,GG,92.19289948,GG,Male,NO
1581,GG,101.4994896,GG,Female,DE
1582,GG,93.30134893,GG,Female,GB
1583,GG,103.8444673,GG,Female,NO
1584,GG,104.975751,GG,Male,IT
1585,GG,103.9385685,GG,Female,NO
1586,GG,104.919619,GG,Male,NO
1587,GA,94.73889164,AA_or_GA,Male,GB
1588,GG,100.9065521,GG,Female,DE
1589,GA,102.7571306,AA_or_GA,Male,IT
1590,GG,100.6262229,GG,Male,DE
1591,GG,88.02669572,GG,Male,IT
1592,GG,100.1781318,GG,Female,GB
1593,GG,98.49270588,GG,Female,IT
1594,GG,99.49025926,GG,Male,NO
1595,GG,97.60747146,GG,Female,IT
1596,GG,105.7510523,GG,Male,DE
1597,GG,94.93047194,GG,Female,DE
1598,GA,95.16825482,AA_or_GA,Female,GB
1599,GA,90.46609431,AA_or_GA,Male,GB
1600,GG,90.21403639,GG,Female,IT
1601,GG,105.8263834,GG,Male,NO
1602,GG,106.8460651,GG,Male,NO
1603,GA,100.0015554,AA_or_GA,Male,GB
1604,GG,98.60693542,GG,Male,NO
1605,GG,100.5870823,GG,Male,DE
1606,GA,94.81952123,AA_or_GA,Male,IT
1607,GA,73.36955239,AA_or_GA,Male,GB
1608,GA,89.03263068,AA_or_GA,Female,NO
1609,GA,90.46863355,AA_or_GA,Male,NO
1610,GA,88.41170056,AA_or_GA,Male,DE
1611,GG,101.6133944,GG,Female,DE
1612,GG,97.09298108,GG,Female,DE
1613,GA,97.58086203,AA_or_GA,Female,IT
1614,GG,107.0921605,GG,Female,DE
1615,GG,98.07627567,GG,Male,GB
1616,GG,89.4909131,GG,Female,IT
1617,GG,83.73965512,GG,Male,GB
1618,GG,97.27328005,GG,Female,DE
1619,GG,98.27040821,GG,Female,DE
1620,GG,88.89643347,GG,Male,NO
1621,GG,93.13333502,GG,Female,GB
1622,GG,98.07150395,GG,Male,GB
1623,GA,86.36089484,AA_or_GA,Male,GB
1624,GG,97.42249701,GG,Male,NO
1625,GG,106.5769588,GG,Male,GB
1626,GG,95.28335014,GG,Female,GB
1627,GG,92.72863669,GG,Female,GB
1628,GG,98.98829625,GG,Male,GB
1629,GA,90.88176233,AA_or_GA,Male,DE
1630,GG,107.9159302,GG,Male,GB
1631,GG,93.65086559,GG,Female,NO
1632,GG,91.94006004,GG,Male,IT
1633,GG,99.98043914,GG,Male,GB
1634,GA,91.61191749,AA_or_GA,Male,DE
1635,GG,109.635465,GG,Female,DE
1636,GA,90.79718711,AA_or_GA,Female,IT
1637,GG,96.82681984,GG,Male,NO
1638,GG,98.06605647,GG,Male,GB
1639,GA,96.9062375,AA_or_GA,Male,GB
1640,GG,84.22627183,GG,Female,DE
1641,GG,84.17083497,GG,Female,GB
1642,GG,103.0148827,GG,Male,IT
1643,GG,109.4258303,GG,Male,GB
1644,GG,87.80950284,GG,Male,NO
1645,GG,99.48562394,GG,Female,NO
1646,GG,96.89805223,GG,Male,GB
1647,GG,107.6135667,GG,Female,GB
1648,GG,94.48598332,GG,Female,DE
1649,GG,108.8613096,GG,Male,IT
1650,GG,94.55318435,GG,Female,GB
1651,GG,109.6808787,GG,Female,DE
1652,GG,90.15692718,GG,Male,GB
1653,GG,93.78285289,GG,Female,NO
1654,GA,79.59079421,AA_or_GA,Male,GB
1655,GG,97.37725193,GG,Male,DE
1656,GA,86.64020912,AA_or_GA,Female,GB
1657,GA,94.56817286,AA_or_GA,Male,GB
1658,GA,98.98342936,AA_or_GA,Female,GB
1659,GG,92.58406322,GG,Male,IT
1660,GA,83.40819273,AA_or_GA,Female,DE
1661,GG,95.39378395,GG,Female,DE
1662,GG,89.5640006,GG,Male,NO
1663,GG,100.5904466,GG,Male,IT
1664,GG,106.4945298,GG,Female,NO
1665,GA,95.14069683,AA_or_GA,Female,NO
1666,GG,100.5622698,GG,Male,DE
1667,GG,97.56777916,GG,Female,DE
1668,GA,85.55036314,AA_or_GA,Male,NO
1669,GA,84.96775669,AA_or_GA,Male,DE
1670,GG,100.5384101,GG,Male,DE
1671,GG,108.9682352,GG,Female,GB
1672,GG,91.8961035,GG,Male,GB
1673,GG,102.8429956,GG,Male,GB
1674,GG,98.98125357,GG,Female,GB
1675,GG,99.47036263,GG,Male,IT
1676,GG,98.69441008,GG,Male,DE
1677,GA,85.3864793,AA_or_GA,Female,IT
1678,GA,98.03177749,AA_or_GA,Female,GB
1679,GA,106.792296,AA_or_GA,Male,DE
1680,GG,91.97839313,GG,Female,GB
1681,GG,95.02678098,GG,Female,GB
1682,GG,97.39149395,GG,Female,NO
1683,AA,88.34363833,AA_or_GA,Male,NO
1684,GG,104.1353817,GG,Female,GB
1685,GG,109.8184579,GG,Female,NO
1686,GG,106.6983763,GG,Female,NO
1687,GG,104.0405797,GG,Male,GB
1688,GA,83.03258819,AA_or_GA,Female,IT
1689,GG,109.9573041,GG,Male,DE
1690,GG,102.7821107,GG,Female,NO
1691,GG,103.4765371,GG,Female,IT
1692,AA,79.60973954,AA_or_GA,Male,IT
1693,GG,95.4488731,GG,Female,DE
1694,GG,96.18923928,GG,Female,NO
1695,GG,96.37744718,GG,Female,IT
1696,GG,103.3183263,GG,Male,GB
1697,GG,106.3303581,GG,Female,GB
1698,GG,102.459204,GG,Male,DE
1699,GG,94.42369051,GG,Female,DE
1700,GG,90.44660329,GG,Male,IT
1701,GG,93.3644322,GG,Female,DE
1702,GA,104.5263823,AA_or_GA,Male,GB
1703,GG,94.30523257,GG,Male,DE
1704,GG,106.5110704,GG,Female,DE
1705,GG,95.7864797,GG,Female,NO
1706,GA,83.22954212,AA_or_GA,Male,NO
1707,GG,105.5988219,GG,Male,NO
1708,GG,96.69001507,GG,Female,NO
1709,GG,98.81466489,GG,Male,DE
1710,GA,91.306816,AA_or_GA,Male,DE
1711,GG,99.36213708,GG,Male,DE
1712,AA,96.30588106,AA_or_GA,Female,GB
1713,GG,96.17571202,GG,Female,GB
1714,GG,78.77305057,GG,Female,GB
1715,GG,91.58339422,GG,Male,NO
1716,GG,98.22574303,GG,Male,DE
1717,GA,91.75189905,AA_or_GA,Female,DE
1718,GG,101.2341796,GG,Female,IT
1719,GG,99.47842742,GG,Female,NO
1720,GA,101.6261481,AA_or_GA,Male,GB
1721,GG,96.3493065,GG,Male,IT
1722,GA,97.87731665,AA_or_GA,Male,IT
1723,GG,84.83682104,GG,Male,GB
1724,GG,100.4126694,GG,Female,DE
1725,GA,101.4762908,AA_or_GA,Male,DE
1726,GG,105.021059,GG,Male,NO
1727,GG,105.6900865,GG,Female,IT
1728,GA,75.47020494,AA_or_GA,Male,DE
1729,GG,99.44331165,GG,Male,IT
1730,GG,94.31133757,GG,Male,DE
1731,GA,84.91471696,AA_or_GA,Female,GB
1732,GG,96.3416963,GG,Female,IT
1733,GG,105.3890425,GG,Female,GB
1734,GG,98.97341569,GG,Female,GB
1735,GG,100.407896,GG,Female,NO
1736,GG,100.4012544,GG,Male,DE
1737,GG,92.86231141,GG,Female,IT
1738,GG,104.3407806,GG,Male,GB
1739,GA,75.98557971,AA_or_GA,Male,NO
1740,GG,105.2386235,GG,Male,DE
1741,GG,109.4229121,GG,Female,GB
1742,GG,88.31654189,GG,Male,DE
1743,GG,108.0709842,GG,Female,NO
1744,GG,100.3978603,GG,Female,DE
1745,GG,93.18710415,GG,Female,GB
1746,GG,96.82156956,GG,Male,GB
1747,GG,105.7859087,GG,Male,GB
1748,GG,99.58130559,GG,Female,DE
1749,GA,99.89435918,AA_or_GA,Female,GB
1750,GG,104.750152,GG,Female,NO
1751,GG,91.46866871,GG,Female,GB
1752,AA,104.0049986,AA_or_GA,Male,GB
1753,GG,105.4977564,GG,Male,IT
1754,GG,97.19751563,GG,Female,DE
1755,GA,86.68267622,AA_or_GA,Female,GB
1756,GG,94.88666502,GG,Female,GB
1757,GG,104.0453639,GG,Male,IT
1758,GG,103.7888641,GG,Female,IT
1759,GG,98.91777601,GG,Female,GB
1760,GG,99.37669097,GG,Male,IT
1761,GG,96.51946819,GG,Female,NO
1762,GA,88.32148834,AA_or_GA,Male,GB
1763,GG,98.40094429,GG,Male,IT
1764,GG,93.41280527,GG,Male,DE
1765,GA,99.37486804,AA_or_GA,Female,NO
1766,GG,94.76104035,GG,Female,NO
1767,GG,91.67035075,GG,Female,DE
1768,GG,102.5900097,GG,Male,GB
1769,GG,90.05076727,GG,Female,GB
1770,GG,103.5629355,GG,Female,GB
1771,GG,92.30751598,GG,Male,GB
1772,GG,86.5139881,GG,Female,NO
1773,GG,96.61606871,GG,Female,DE
1774,GG,97.87528557,GG,Male,IT
1775,GG,109.7185459,GG,Female,IT
1776,GA,84.73684486,AA_or_GA,Female,DE
1777,GG,106.2018004,GG,Male,NO
1778,GG,105.2382753,GG,Male,GB
1779,GG,99.86965912,GG,Male,GB
1780,GG,109.9343887,GG,Male,GB
1781,GG,98.86816992,GG,Male,GB
1782,GG,91.28967748,GG,Female,NO
1783,GA,83.89558943,AA_or_GA,Male,DE
1784,GG,108.8420156,GG,Male,DE
1785,GG,88.66668409,GG,Male,GB
1786,GA,70.05798072,AA_or_GA,Female,GB
1787,GG,102.3569711,GG,Female,DE
1788,GG,104.9942269,GG,Female,GB
1789,GG,94.52788771,GG,Male,GB
1790,GG,94.42674958,GG,Male,DE
1791,AA,84.2826441,AA_or_GA,Male,DE
1792,GG,96.43903143,GG,Male,DE
1793,GG,87.9857665,GG,Female,IT
1794,GG,98.50423007,GG,Male,DE
1795,GG,97.89223137,GG,Male,GB
1796,GG,109.8573191,GG,Male,NO
1797,GG,105.6656106,GG,Female,IT
1798,GG,101.6306071,GG,Male,IT
1799,GG,83.58272476,GG,Female,GB
1800,GG,106.770887,GG,Male,IT
1801,GA,105.7622711,AA_or_GA,Male,NO
1802,GG,96.16146734,GG,Female,GB
1803,GA,95.50975087,AA_or_GA,Male,DE
1804,GG,85.4742114,GG,Male,GB
1805,GA,90.81295095,AA_or_GA,Male,GB
1806,GG,107.3152448,GG,Male,GB
1807,GG,107.4905627,GG,Female,GB
1808,GG,100.3553966,GG,Male,DE
1809,GG,97.54767662,GG,Male,NO
1810,GA,106.9015039,AA_or_GA,Male,GB
1811,GG,89.02645526,GG,Male,DE
1812,GG,95.05131937,GG,Female,GB
1813,GA,95.12807871,AA_or_GA,Female,DE
1814,GA,97.84789301,AA_or_GA,Female,GB
1815,GG,108.2112758,GG,Male,GB
1816,GG,105.0123442,GG,Female,IT
1817,GG,90.61438055,GG,Female,GB
1818,GG,102.5356417,GG,Male,NO
1819,AA,89.14711655,AA_or_GA,Male,DE
1820,GA,88.12916097,AA_or_GA,Female,DE
1821,GG,92.83205989,GG,Male,DE
1822,GA,98.34694423,AA_or_GA,Male,NO
1823,GA,89.82285877,AA_or_GA,Female,IT
1824,GA,86.30471957,AA_or_GA,Female,DE
1825,GG,96.12792945,GG,Female,GB
1826,GG,106.8827017,GG,Female,NO
1827,GG,100.3358666,GG,Female,DE
1828,GG,99.85424655,GG,Male,GB
1829,GA,96.31791672,AA_or_GA,Male,IT
1830,GG,91.6415048,GG,Male,GB
1831,GG,100.3346961,GG,Female,NO
1832,GA,83.78955304,AA_or_GA,Female,GB
1833,GG,97.29704834,GG,Male,NO
1834,GG,109.0352288,GG,Female,IT
1835,GG,89.02470201,GG,Male,IT
1836,GG,106.3767725,GG,Female,GB
1837,GG,86.7931245,GG,Male,GB
1838,GA,88.43333964,AA_or_GA,Male,GB
1839,GA,88.43520527,AA_or_GA,Male,IT
1840,GG,95.48828847,GG,Female,IT
1841,GA,82.02807606,AA_or_GA,Male,GB
1842,GG,99.79318593,GG,Female,GB
1843,AA,90.61267841,AA_or_GA,Female,GB
1844,GG,92.28316207,GG,Female,IT
1845,GG,95.73327888,GG,Male,IT
1846,GG,95.74695968,GG,Male,GB
1847,GG,102.1071164,GG,Male,IT
1848,GG,97.29858305,GG,Male,IT
1849,GG,98.36806472,GG,Male,IT
1850,GG,101.7291291,GG,Female,IT
1851,GG,98.05332829,GG,Female,DE
1852,GG,92.02890311,GG,Male,IT
1853,GG,100.2978151,GG,Female,DE
1854,GA,86.38312721,AA_or_GA,Female,DE
1855,GG,94.48232983,GG,Female,GB
1856,GA,99.28516647,AA_or_GA,Female,IT
1857,GG,92.67016755,GG,Female,DE
1858,GG,102.2801655,GG,Male,DE
1859,GG,107.8103645,GG,Male,DE
1860,GG,98.85766365,GG,Male,GB
1861,GA,83.90559421,AA_or_GA,Male,NO
1862,GG,99.3549223,GG,Male,NO
1863,GG,107.5880395,GG,Female,GB
1864,GA,72.15231902,AA_or_GA,Male,GB
1865,GA,103.0348429,AA_or_GA,Male,GB
1866,GG,92.97977434,GG,Female,IT
1867,GG,105.1797722,GG,Male,NO
1868,GG,90.45840168,GG,Male,NO
1869,GA,85.07501007,AA_or_GA,Male,NO
1870,GA,85.49765519,AA_or_GA,Female,NO
1871,GG,94.68152226,GG,Male,NO
1872,GG,100.268956,GG,Male,NO
1873,GA,96.52678136,AA_or_GA,Female,IT
1874,GA,86.12201812,AA_or_GA,Male,IT
1875,GG,108.4981231,GG,Female,NO
1876,GG,100.2565075,GG,Female,NO
1877,GG,109.7752829,GG,Male,IT
1878,GG,108.2015278,GG,Male,IT
1879,GG,108.7277466,GG,Female,IT
1880,GG,107.052416,GG,Male,IT
1881,GG,89.62197132,GG,Male,NO
1882,GG,108.3731053,GG,Female,IT
1883,GG,93.77441274,GG,Female,DE
1884,GA,84.42156538,AA_or_GA,Female,GB
1885,GG,107.9182943,GG,Male,NO
1886,GA,97.27491586,AA_or_GA,Female,IT
1887,GA,101.3513493,AA_or_GA,Female,DE
1888,GG,108.8129366,GG,Male,DE
1889,GG,108.9534941,GG,Female,GB
1890,GA,102.6180998,AA_or_GA,Female,GB
1891,GG,104.4946114,GG,Male,NO
1892,GG,106.906333,GG,Male,NO
1893,GG,107.4103581,GG,Female,GB
1894,AA,96.08258295,AA_or_GA,Female,NO
1895,GG,100.2334519,GG,Male,DE
1896,GG,98.34151688,GG,Female,IT
1897,GG,94.05508962,GG,Female,NO
1898,GG,100.2289139,GG,Male,DE
1899,GG,109.5586551,GG,Male,GB
1900,GG,95.74594011,GG,Male,GB
1901,GA,98.98389641,AA_or_GA,Male,NO
1902,GA,89.47265244,AA_or_GA,Male,DE
1903,GG,93.41873487,GG,Male,IT
1904,GG,79.42338581,GG,Female,DE
1905,GG,92.51900694,GG,Female,NO
1906,GG,92.50451057,GG,Male,DE
1907,GG,103.2852882,GG,Male,NO
1908,GG,93.14850928,GG,Male,DE
1909,GA,92.77279547,AA_or_GA,Female,IT
1910,GG,86.97861689,GG,Female,NO
1911,GG,94.14603742,GG,Male,GB
1912,GA,84.85583534,AA_or_GA,Female,NO
1913,GG,83.62579819,GG,Female,GB
1914,GG,91.82854829,GG,Female,GB
1915,GA,88.33164324,AA_or_GA,Female,GB
1916,GG,107.7155476,GG,Male,NO
1917,GA,75.84618454,AA_or_GA,Female,IT
1918,GG,102.2302612,GG,Male,DE
1919,GA,103.9867445,AA_or_GA,Male,DE
1920,GG,87.24425496,GG,Female,GB
1921,GA,88.0179127,AA_or_GA,Female,DE
1922,GA,84.90093941,AA_or_GA,Male,GB
1923,GA,87.05075466,AA_or_GA,Female,GB
1924,GG,87.095182,GG,Female,GB
1925,GG,95.63214223,GG,Male,NO
1926,GA,90.60401812,AA_or_GA,Female,GB
1927,GG,107.868345,GG,Male,DE
1928,GG,94.7852633,GG,Female,NO
1929,GG,98.21071019,GG,Male,DE
1930,GA,87.51025954,AA_or_GA,Male,IT
1931,GG,94.3615089,GG,Male,GB
1932,GA,95.77328101,AA_or_GA,Female,NO
1933,GA,106.0248812,AA_or_GA,Female,IT
1934,GG,92.98886306,GG,Female,GB
1935,GG,86.67935,GG,Female,NO
1936,GG,103.8103531,GG,Male,NO
1937,GG,98.20383802,GG,Male,NO
1938,GG,108.0798423,GG,Female,DE
1939,GG,92.43805131,GG,Male,NO
1940,GG,97.699693,GG,Male,GB
1941,GA,89.59808937,AA_or_GA,Female,GB
1942,GA,87.83831601,AA_or_GA,Female,DE
1943,GG,105.0968451,GG,Male,IT
1944,GA,92.06087254,AA_or_GA,Female,DE
1945,AA,88.19492321,AA_or_GA,Male,IT
1946,GG,90.80820424,GG,Female,NO
1947,GA,92.00721699,AA_or_GA,Female,DE
1948,GG,106.9626866,GG,Female,GB
1949,GA,98.84067692,AA_or_GA,Male,GB
1950,GG,94.57197233,GG,Male,GB
1951,GG,97.16810725,GG,Female,IT
1952,GG,99.28379288,GG,Male,DE
1953,GG,103.4771942,GG,Female,GB
1954,GG,92.43789363,GG,Female,GB
1955,GG,92.97457897,GG,Male,GB
1956,GG,91.71977574,GG,Female,GB
1957,GA,75.19135906,AA_or_GA,Female,IT
1958,GA,100.1648005,AA_or_GA,Female,DE
1959,GG,92.6516733,GG,Male,DE
1960,GG,92.33635978,GG,Male,NO
1961,GG,95.1797874,GG,Female,IT
1962,GG,85.97563744,GG,Female,DE
1963,GG,86.78937562,GG,Male,NO
1964,GG,88.69093396,GG,Male,IT
1965,GA,86.84854828,AA_or_GA,Female,IT
1966,GG,108.023565,GG,Female,GB
1967,GG,109.4698548,GG,Male,IT
1968,GA,85.26783545,AA_or_GA,Female,GB
1969,GA,98.30266871,AA_or_GA,Female,IT
1970,GG,97.66148509,GG,Male,GB
1971,GG,103.4164484,GG,Male,GB
1972,GG,102.5827214,GG,Female,GB
1973,GA,83.36370069,AA_or_GA,Male,GB
1974,GG,90.7915414,GG,Male,NO
1975,GA,90.95595853,AA_or_GA,Male,GB
1976,GA,89.06543887,AA_or_GA,Female,IT
1977,GG,96.53643482,GG,Male,DE
1978,GA,78.25037463,AA_or_GA,Male,DE
1979,GG,96.58616348,GG,Female,NO
1980,GA,84.78716933,AA_or_GA,Male,DE
1981,GG,89.14898125,GG,Female,NO
1982,GG,83.97812733,GG,Female,IT